"";"title";"url";"auction_date";"hammer_price";"image"
"1";"Inchgower - 2011 Barrique #22007 | Held in Bond";"https://www.whiskyhammer.com/item/226192/Inchgower/Inchgower---2011-Barrique-22007--Held-in-Bond.html";"23/11/2025";"3000.00";"https://www.whiskyhammer.com/uploads/images/products/newthumbs/1762422897Inchgower2011cask22007.png"
"2";"Dailuaine - 2024 Hogshead #418328 | Held in Bond";"https://www.whiskyhammer.com/item/226162/Dailuaine/Dailuaine---2024-Hogshead-418328--Held-in-Bond.html";"23/11/2025";"2025.00";"https://www.whiskyhammer.com/uploads/images/products/newthumbs/1762189111Dailuaine2024cask418328.png"
"3";"Annandale - 2021 Hogshead #1951 | Held in Bond";"https://www.whiskyhammer.com/item/226161/Annandale/Annandale---2021-Hogshead-1951--Held-in-Bond.html";"23/11/2025";"2025.00";"https://www.whiskyhammer.com/uploads/images/products/newthumbs/1762188859Annandalecask20211951.png"
"4";"Teithmill - 2021 Barrel #210045 | Held in Bond";"https://www.whiskyhammer.com/item/226175/Deanston/Teithmill---2021-Barrel-210045--Held-in-Bond.html";"23/11/2025";"1325.00";"https://www.whiskyhammer.com/uploads/images/products/newthumbs/1763475190Teithmill2021caskA210045.png"
"5";"Ledaig - 2021 Barrel #4433 | Held in Bond";"https://www.whiskyhammer.com/item/226170/Ledaig-Tobermory/Ledaig---2021-Barrel-4433--Held-in-Bond.html";"23/11/2025";"2000.00";"https://www.whiskyhammer.com/uploads/images/products/newthumbs/1762332522Ledaig2021cask4433.png"
"6";"Teithmill - 2021 Barrel #210047 | Held in Bond";"https://www.whiskyhammer.com/item/226177/Deanston/Teithmill---2021-Barrel-210047--Held-in-Bond.html";"23/11/2025";"1200.00";"https://www.whiskyhammer.com/uploads/images/products/newthumbs/1763475986Teithmill2021caskA210047.png"
"7";"Glen Moray - 2015 Barrel #206 | Held in Bond";"https://www.whiskyhammer.com/item/226168/Glen-Moray/Glen-Moray---2015-Barrel-206--Held-in-Bond.html";"23/11/2025";"2300.00";"https://www.whiskyhammer.com/uploads/images/products/newthumbs/1762271718GlenMoray2015cask206.png"
"8";"Staoisha - 2022 Barrique #30773 | Held in Bond";"https://www.whiskyhammer.com/item/226191/Bunnahabhain/Staoisha---2022-Barrique-30773--Held-in-Bond.html";"23/11/2025";"2550.00";"https://www.whiskyhammer.com/uploads/images/products/newthumbs/1762422727Staoisha2022cask30773.png"
"9";"Tullibardine - 2012 Barrel #653549 | Held in Bond";"https://www.whiskyhammer.com/item/226167/Tullibardine/Tullibardine---2012-Barrel-653549--Held-in-Bond.html";"23/11/2025";"2700.00";"https://www.whiskyhammer.com/uploads/images/products/newthumbs/1762271239Tullibardine2012cask653549.png"
"10";"Annandale - 2021 Bourbon Barrel #1101 | Held in Bond";"https://www.whiskyhammer.com/item/226160/Annandale/Annandale---2021-Bourbon-Barrel-1101--Held-in-Bond.html";"23/11/2025";"1375.00";"https://www.whiskyhammer.com/uploads/images/products/newthumbs/1762188687Annandalecask20211101.png"
"11";"Ardmore - 2021 Hogshead #800 | Held in Bond";"https://www.whiskyhammer.com/item/226163/Ardmore/Ardmore---2021-Hogshead-800--Held-in-Bond.html";"23/11/2025";"1725.00";"https://www.whiskyhammer.com/uploads/images/products/newthumbs/1762189238Ardmore2021cask800.png"
"12";"Bowmore - 2001 Barrel #10000183 | Held in Bond";"https://www.whiskyhammer.com/item/226164/Bowmore/Bowmore---2001-Barrel-10000183--Held-in-Bond.html";"23/11/2025";"4650.00";"https://www.whiskyhammer.com/uploads/images/products/newthumbs/1763472779Bowmore2001caskA10000183.png"
"13";"Benrinnes - 2009 Barrel #11015 | Held in Bond";"https://www.whiskyhammer.com/item/226169/Benrinnes/Benrinnes---2009-Barrel-11015--Held-in-Bond.html";"23/11/2025";"3200.00";"https://www.whiskyhammer.com/uploads/images/products/newthumbs/1762274288Benrinnes2009cask11015.png"
"14";"Teithmill - 2021 Barrel #210044 | Held in Bond";"https://www.whiskyhammer.com/item/226174/Deanston/Teithmill---2021-Barrel-210044--Held-in-Bond.html";"23/11/2025";"1150.00";"https://www.whiskyhammer.com/uploads/images/products/newthumbs/1763474839Teithmill2021caskA210044.png"
"15";"Teithmill - 2021 Barrel #210046 | Held in Bond";"https://www.whiskyhammer.com/item/226176/Deanston/Teithmill---2021-Barrel-210046--Held-in-Bond.html";"23/11/2025";"1225.00";"https://www.whiskyhammer.com/uploads/images/products/newthumbs/1763475650Teithmill2021caskA210046.png"
"16";"Teithmill - 2021 Barrel #210048 | Held in Bond";"https://www.whiskyhammer.com/item/226178/Deanston/Teithmill---2021-Barrel-210048--Held-in-Bond.html";"23/11/2025";"1225.00";"https://www.whiskyhammer.com/uploads/images/products/newthumbs/1763476214Teithmill2021caskA210048.png"
"17";"Teithmill - 2021 Barrel #210049 | Held in Bond";"https://www.whiskyhammer.com/item/226179/Deanston/Teithmill---2021-Barrel-210049--Held-in-Bond.html";"23/11/2025";"1150.00";"https://www.whiskyhammer.com/uploads/images/products/newthumbs/1763476468Teithmill2021caskA210049.png"
"18";"Teithmill - 2021 Barrel #210050 | Held in Bond";"https://www.whiskyhammer.com/item/226180/Deanston/Teithmill---2021-Barrel-210050--Held-in-Bond.html";"23/11/2025";"1275.00";"https://www.whiskyhammer.com/uploads/images/products/newthumbs/1763476685Teithmill2021caskA210050.png"
"19";"Teithmill - 2021 Barrel #210051 | Held in Bond";"https://www.whiskyhammer.com/item/226181/Deanston/Teithmill---2021-Barrel-210051--Held-in-Bond.html";"23/11/2025";"1275.00";"https://www.whiskyhammer.com/uploads/images/products/newthumbs/1763477036Teithmill2021caskA210051.png"
"20";"Teithmill - 2021 Barrel #210052 | Held in Bond";"https://www.whiskyhammer.com/item/226182/Deanston/Teithmill---2021-Barrel-210052--Held-in-Bond.html";"23/11/2025";"1125.00";"https://www.whiskyhammer.com/uploads/images/products/newthumbs/1763478064Teithmill2021caskA210052.png"
"21";"Teithmill - 2021 Barrel #210053 | Held in Bond";"https://www.whiskyhammer.com/item/226183/Deanston/Teithmill---2021-Barrel-210053--Held-in-Bond.html";"23/11/2025";"1100.00";"https://www.whiskyhammer.com/uploads/images/products/newthumbs/1763479442Teithmill2021caskA210053.png"
"22";"Inchgower - 2021 Hogshead #800637 | Held in Bond";"https://www.whiskyhammer.com/item/226193/Inchgower/Inchgower---2021-Hogshead-800637--Held-in-Bond.html";"23/11/2025";"1850.00";"https://www.whiskyhammer.com/uploads/images/products/newthumbs/1762423111Inchgower2021cask800637.png"
"23";"Blair Athol - 2021 Barrel #2107186 | Held in Bond";"https://www.whiskyhammer.com/item/226194/Blair-Athol/Blair-Athol---2021-Barrel-2107186--Held-in-Bond.html";"23/11/2025";"2000.00";"https://www.whiskyhammer.com/uploads/images/products/newthumbs/1763474013BlairAthol2021caskA2107186.png"
"24";"Bruichladdich - 2005 Barrel #367 | Held in Bond";"https://www.whiskyhammer.com/item/202618/Bruichladdich/Bruichladdich---2005-Barrel-367--Held-in-Bond.html";"28/09/2025";"10100.00";"https://www.whiskyhammer.com/uploads/images/products/newthumbs/1741604491Bruichladdichexbourbonbarrel367.png"
"25";"Glen Moray - 2007 Refill Hogshead #5756 | Held In Bond";"https://www.whiskyhammer.com/item/202720/Glen-Moray/Glen-Moray---2007-Refill-Hogshead-5756--Held-In-Bond.html";"22/06/2025";"2800.00";"https://www.whiskyhammer.com/uploads/images/products/newthumbs/1741877675GlenMoray20075756.png"
"26";"Ardmore - 2011 Second Fill Bourbon Barrel #803387 | Held In Bond";"https://www.whiskyhammer.com/item/202719/Ardmore/Ardmore---2011-Second-Fill-Bourbon-Barrel-803387--Held-In-Bond.html";"22/06/2025";"2300.00";"https://www.whiskyhammer.com/uploads/images/products/newthumbs/1741876979Ardmore2011803387.png"
"27";"Allt Mor (Aultmore) - 2017 Hogshead #182 | Held In Bond";"https://www.whiskyhammer.com/item/204762/Aultmore/Allt-Mor-Aultmore---2017-Hogshead-182--Held-In-Bond.html";"22/06/2025";"3000.00";"https://www.whiskyhammer.com/uploads/images/products/newthumbs/1748853121AlltMorAultmore2017182.png"
"28";"Tullibardine - 2019 Barrel #308 | Held In Bond";"https://www.whiskyhammer.com/item/204765/Tullibardine/Tullibardine---2019-Barrel-308--Held-In-Bond.html";"22/06/2025";"2025.00";"https://www.whiskyhammer.com/uploads/images/products/newthumbs/1749211948Tullibardine2009cask308.png"
"29";"Speyside - 2022 Barrel #32 | Held In Bond";"https://www.whiskyhammer.com/item/204758/Speyside/Speyside---2022-Barrel-32--Held-In-Bond.html";"25/05/2025";"1575.00";"https://www.whiskyhammer.com/uploads/images/products/newthumbs/1746695419Speyside202232.png"
"30";"Secret Highland - 2019 Barrel #655 | Held In Bond";"https://www.whiskyhammer.com/item/204757/Undisclosed/Secret-Highland---2019-Barrel-655--Held-In-Bond.html";"25/05/2025";"2025.00";"https://www.whiskyhammer.com/uploads/images/products/newthumbs/1746694967SecretHighland2019655.png"
"31";"Teithmill - 2019 Hogshead #190000394 | Held In Bond";"https://www.whiskyhammer.com/item/204759/Deanston/Teithmill---2019-Hogshead-190000394--Held-In-Bond.html";"25/05/2025";"2000.00";"https://www.whiskyhammer.com/uploads/images/products/newthumbs/1746696060Teithmill2019hogshead190000394.png"
"32";"Dalmunach - 2015 Barrel #197 | Held In Bond";"https://www.whiskyhammer.com/item/204756/Dalmunach/Dalmunach---2015-Barrel-197--Held-In-Bond.html";"27/04/2025";"3750.00";"https://www.whiskyhammer.com/uploads/images/products/newthumbs/1744789677Dalmunach2015197.png"
"33";"Tullibardine - 2023 Barrel #49 | Held In Bond";"https://www.whiskyhammer.com/item/204755/Tullibardine/Tullibardine---2023-Barrel-49--Held-In-Bond.html";"27/04/2025";"1625.00";"https://www.whiskyhammer.com/uploads/images/products/newthumbs/1744787855Tullibardine202349.png"
"34";"Blue Hill (Craigellachie) - 2016 Barrel #163 | Held In Bond";"https://www.whiskyhammer.com/item/204753/Craigellachie/Blue-Hill-Craigellachie---2016-Barrel-163--Held-In-Bond.html";"27/04/2025";"3650.00";"https://www.whiskyhammer.com/uploads/images/products/newthumbs/1744730546BlueHil2016163.png"
"35";"North British - 2010 Ex-Bourbon Barrel #271846 | Held In Bond";"https://www.whiskyhammer.com/item/196514/North-British/North-British---2010-Ex-Bourbon-Barrel-271846--Held-In-Bond.html";"05/01/2025";"2300.00";"https://www.whiskyhammer.com/uploads/images/products/newthumbs/1734600439NorthBritish271846.png"
"36";"BrewDog Distilling Co. - Ex-Oloroso Sherry Cask #001 (2025)";"https://www.whiskyhammer.com/item/191227/BrewDog-Distilling-Co/BrewDog-Distilling-Co---Ex-Oloroso-Sherry-Cask-001-2025.html";"10/11/2024";"5300.00";"https://www.whiskyhammer.com/uploads/images/products/newthumbs/1730797688BDDCo_DistillingCask_OnlineAuctionCards_2025_1080x1080_V2.png"
"37";"BrewDog Distilling Co. - Ex-Oloroso Sherry Cask #002 (2025)";"https://www.whiskyhammer.com/item/191228/BrewDog-Distilling-Co/BrewDog-Distilling-Co---Ex-Oloroso-Sherry-Cask-002-2025.html";"10/11/2024";"5300.00";"https://www.whiskyhammer.com/uploads/images/products/newthumbs/1730797699BDDCo_DistillingCask_OnlineAuctionCards_2025_1080x1080_V22.png"
"38";"BrewDog Distilling Co. - Ex-Oloroso Sherry Cask #003 (2025)";"https://www.whiskyhammer.com/item/191229/BrewDog-Distilling-Co/BrewDog-Distilling-Co---Ex-Oloroso-Sherry-Cask-003-2025.html";"10/11/2024";"5100.00";"https://www.whiskyhammer.com/uploads/images/products/newthumbs/1730797711BDDCo_DistillingCask_OnlineAuctionCards_2025_1080x1080_V23.png"
"39";"BrewDog Distilling Co. - Ex-Oloroso Sherry Cask #004 (2025)";"https://www.whiskyhammer.com/item/191230/BrewDog-Distilling-Co/BrewDog-Distilling-Co---Ex-Oloroso-Sherry-Cask-004-2025.html";"10/11/2024";"5000.00";"https://www.whiskyhammer.com/uploads/images/products/newthumbs/1730797724BDDCo_DistillingCask_OnlineAuctionCards_2025_1080x1080_V24.png"
"40";"BrewDog Distilling Co. - Ex-Oloroso Sherry Cask #005 (2025)";"https://www.whiskyhammer.com/item/191231/BrewDog-Distilling-Co/BrewDog-Distilling-Co---Ex-Oloroso-Sherry-Cask-005-2025.html";"10/11/2024";"5000.00";"https://www.whiskyhammer.com/uploads/images/products/newthumbs/1730797736BDDCo_DistillingCask_OnlineAuctionCards_2025_1080x1080_V25.png"
"41";"BrewDog Distilling Co. - Ex-Oloroso Sherry Cask #006 (2025)";"https://www.whiskyhammer.com/item/191232/BrewDog-Distilling-Co/BrewDog-Distilling-Co---Ex-Oloroso-Sherry-Cask-006-2025.html";"10/11/2024";"5000.00";"https://www.whiskyhammer.com/uploads/images/products/newthumbs/1730797766BDDCo_DistillingCask_OnlineAuctionCards_2025_1080x1080_V26.png"
"42";"BrewDog Distilling Co. - Ex-Oloroso Sherry Cask #008 (2025)";"https://www.whiskyhammer.com/item/191234/BrewDog-Distilling-Co/BrewDog-Distilling-Co---Ex-Oloroso-Sherry-Cask-008-2025.html";"10/11/2024";"5000.00";"https://www.whiskyhammer.com/uploads/images/products/newthumbs/1730797785BDDCo_DistillingCask_OnlineAuctionCards_2025_1080x1080_V28.png"
"43";"BrewDog Distilling Co. - Ex-Oloroso Sherry Cask #010 (2025)";"https://www.whiskyhammer.com/item/191236/BrewDog-Distilling-Co/BrewDog-Distilling-Co---Ex-Oloroso-Sherry-Cask-010-2025.html";"10/11/2024";"5000.00";"https://www.whiskyhammer.com/uploads/images/products/newthumbs/1730797805BDDCo_DistillingCask_OnlineAuctionCards_2025_1080x1080_V210.png"
"44";"BrewDog Distilling Co. - Ex-Oloroso Sherry Cask #021 (2025)";"https://www.whiskyhammer.com/item/191247/BrewDog-Distilling-Co/BrewDog-Distilling-Co---Ex-Oloroso-Sherry-Cask-021-2025.html";"10/11/2024";"5000.00";"https://www.whiskyhammer.com/uploads/images/products/newthumbs/1730818410BDDCo_DistillingCask_OnlineAuctionCards_2025_1080x1080_V221.png"
"45";"BrewDog Distilling Co. - Ex-Oloroso Sherry Cask #025 (2025)";"https://www.whiskyhammer.com/item/191251/BrewDog-Distilling-Co/BrewDog-Distilling-Co---Ex-Oloroso-Sherry-Cask-025-2025.html";"10/11/2024";"5000.00";"https://www.whiskyhammer.com/uploads/images/products/newthumbs/1730818442BDDCo_DistillingCask_OnlineAuctionCards_2025_1080x1080_V225.png"
"46";"BrewDog Distilling Co. - Ex-Bourbon Cask #003 (2025)";"https://www.whiskyhammer.com/item/191257/BrewDog-Distilling-Co/BrewDog-Distilling-Co---Ex-Bourbon-Cask-003-2025.html";"10/11/2024";"5000.00";"https://www.whiskyhammer.com/uploads/images/products/newthumbs/1730818501BDDCo_DistillingCask_OnlineAuctionCards_2025_1080x1080_V228.png"
"47";"BrewDog Distilling Co. - Ex-Bourbon Cask #008 (2025)";"https://www.whiskyhammer.com/item/191262/BrewDog-Distilling-Co/BrewDog-Distilling-Co---Ex-Bourbon-Cask-008-2025.html";"10/11/2024";"5000.00";"https://www.whiskyhammer.com/uploads/images/products/newthumbs/1730818611BDDCo_DistillingCask_OnlineAuctionCards_2025_1080x1080_V233.png"
"48";"BrewDog Distilling Co. - Ex-Bourbon Cask #015 (2025)";"https://www.whiskyhammer.com/item/191269/BrewDog-Distilling-Co/BrewDog-Distilling-Co---Ex-Bourbon-Cask-015-2025.html";"10/11/2024";"5000.00";"https://www.whiskyhammer.com/uploads/images/products/newthumbs/1730818673BDDCo_DistillingCask_OnlineAuctionCards_2025_1080x1080_V240.png"
"49";"BrewDog Distilling Co. - Single Grain Rye Ex-Bourbon Cask #005 (2025)";"https://www.whiskyhammer.com/item/191274/BrewDog-Distilling-Co/BrewDog-Distilling-Co---Single-Grain-Rye-Ex-Bourbon-Cask-005-2025.html";"10/11/2024";"5000.00";"https://www.whiskyhammer.com/uploads/images/products/newthumbs/1730818755BDDCo_DistillingCask_OnlineAuctionCards_2025_1080x1080_V245.png"
"50";"BrewDog Distilling Co. - Dark Rum Ex-Oloroso Cask #001 (2025)";"https://www.whiskyhammer.com/item/191275/BrewDog-Distilling-Co/BrewDog-Distilling-Co---Dark-Rum-Ex-Oloroso-Cask-001-2025.html";"10/11/2024";"5100.00";"https://www.whiskyhammer.com/uploads/images/products/newthumbs/1730818762BDDCo_DistillingCask_OnlineAuctionCards_2025_1080x1080_V246.png"
"51";"Whitlaw - 2019 Hogshead #132| Held In Bond";"https://www.whiskyhammer.com/item/186242/Undisclosed/Whitlaw---2019-Hogshead-132-Held-In-Bond.html";"27/10/2024";"5300.00";"https://www.whiskyhammer.com/uploads/images/products/newthumbs/1726738406Whitllaw2019.png"
"52";"Foursquare Barbados Rum - 2007 Barrel #92| Held In Bond";"https://www.whiskyhammer.com/item/186246/Other/Foursquare-Barbados-Rum---2007-Barrel-92-Held-In-Bond.html";"29/09/2024";"10000.00";"https://www.whiskyhammer.com/uploads/images/products/newthumbs/1726743317Foursquare200792.png"
"53";"Lowland Single Malt - 2020 Ex-Sherry Hogshead #25 | Held In Bond";"https://www.whiskyhammer.com/item/185714/Other/Lowland-Single-Malt---2020-Ex-Sherry-Hogshead-25--Held-In-Bond.html";"08/09/2024";"4000.00";"https://www.whiskyhammer.com/uploads/images/products/newthumbs/172537232225.png"
"54";"Lowland Single Malt - 2021 Ex-Sherry Hogshead #1935 | Held In Bond";"https://www.whiskyhammer.com/item/185719/Other/Lowland-Single-Malt---2021-Ex-Sherry-Hogshead-1935--Held-In-Bond.html";"08/09/2024";"3000.00";"https://www.whiskyhammer.com/uploads/images/products/newthumbs/17253732551935.jpg"
"55";"Lowland Single Malt - 2021 Ex-Sherry Hogshead #1938 | Held In Bond";"https://www.whiskyhammer.com/item/185722/Other/Lowland-Single-Malt---2021-Ex-Sherry-Hogshead-1938--Held-In-Bond.html";"08/09/2024";"3000.00";"https://www.whiskyhammer.com/uploads/images/products/newthumbs/17253733641938.jpg"
"56";"Lowland Single Malt - 2021 Ex-Sherry Hogshead #1943 | Held In Bond";"https://www.whiskyhammer.com/item/185726/Other/Lowland-Single-Malt---2021-Ex-Sherry-Hogshead-1943--Held-In-Bond.html";"08/09/2024";"3000.00";"https://www.whiskyhammer.com/uploads/images/products/newthumbs/17253740671943.jpg"
"57";"Lowland Single Malt - 2021 Ex-Sherry Hogshead #1946 | Held In Bond";"https://www.whiskyhammer.com/item/185729/Other/Lowland-Single-Malt---2021-Ex-Sherry-Hogshead-1946--Held-In-Bond.html";"08/09/2024";"3000.00";"https://www.whiskyhammer.com/uploads/images/products/newthumbs/17253747341946.jpg"
"58";"Lowland Single Malt - 2021 Ex-Sherry Hogshead #1948 | Held In Bond";"https://www.whiskyhammer.com/item/185731/Other/Lowland-Single-Malt---2021-Ex-Sherry-Hogshead-1948--Held-In-Bond.html";"08/09/2024";"3000.00";"https://www.whiskyhammer.com/uploads/images/products/newthumbs/17253747591948.jpg"
"59";"Lowland Single Malt - 2021 Ex-Sherry Hogshead #1951 | Held In Bond";"https://www.whiskyhammer.com/item/185734/Other/Lowland-Single-Malt---2021-Ex-Sherry-Hogshead-1951--Held-In-Bond.html";"08/09/2024";"3000.00";"https://www.whiskyhammer.com/uploads/images/products/newthumbs/17253747941951.jpg"
"60";"Lowland Single Malt - 2021 Ex-Sherry Hogshead #1954 | Held In Bond";"https://www.whiskyhammer.com/item/185736/Other/Lowland-Single-Malt---2021-Ex-Sherry-Hogshead-1954--Held-In-Bond.html";"08/09/2024";"3000.00";"https://www.whiskyhammer.com/uploads/images/products/newthumbs/17253748151954.jpg"
"61";"Lowland Single Malt - 2021 Ex-Sherry Hogshead #1955 | Held In Bond";"https://www.whiskyhammer.com/item/185737/Other/Lowland-Single-Malt---2021-Ex-Sherry-Hogshead-1955--Held-In-Bond.html";"08/09/2024";"3000.00";"https://www.whiskyhammer.com/uploads/images/products/newthumbs/17253748251955.jpg"
"62";"Lowland Single Malt - 2020 Ex-Sherry Butt #19 | Held In Bond";"https://www.whiskyhammer.com/item/185713/Other/Lowland-Single-Malt---2020-Ex-Sherry-Butt-19--Held-In-Bond.html";"08/09/2024";"7500.00";"https://www.whiskyhammer.com/uploads/images/products/newthumbs/172537228519.png"
"63";"Lowland Single Malt - 2021 Ex-Sherry Hogshead #1934 | Held In Bond";"https://www.whiskyhammer.com/item/185718/Other/Lowland-Single-Malt---2021-Ex-Sherry-Hogshead-1934--Held-In-Bond.html";"08/09/2024";"3000.00";"https://www.whiskyhammer.com/uploads/images/products/newthumbs/17253732401934.jpg"
"64";"Lowland Single Malt - 2021 Ex-Sherry Hogshead #1936 | Held In Bond";"https://www.whiskyhammer.com/item/185720/Other/Lowland-Single-Malt---2021-Ex-Sherry-Hogshead-1936--Held-In-Bond.html";"08/09/2024";"3000.00";"https://www.whiskyhammer.com/uploads/images/products/newthumbs/17253732701936.jpg"
"65";"Lowland Single Malt - 2021 Ex-Sherry Hogshead #1944 | Held In Bond";"https://www.whiskyhammer.com/item/185727/Other/Lowland-Single-Malt---2021-Ex-Sherry-Hogshead-1944--Held-In-Bond.html";"08/09/2024";"3000.00";"https://www.whiskyhammer.com/uploads/images/products/newthumbs/17253740781944.jpg"
"66";"Lowland Single Malt - 2021 Ex-Sherry Hogshead #1949 | Held In Bond";"https://www.whiskyhammer.com/item/185732/Other/Lowland-Single-Malt---2021-Ex-Sherry-Hogshead-1949--Held-In-Bond.html";"08/09/2024";"3000.00";"https://www.whiskyhammer.com/uploads/images/products/newthumbs/17253747721949.jpg"
"67";"Hazelburn - 1998 Hogshead #57 | Held In Bond";"https://www.whiskyhammer.com/item/175285/Springbank/Hazelburn---1998-Hogshead-57--Held-In-Bond.html";"23/06/2024";"72000.00";"https://www.whiskyhammer.com/uploads/images/products/newthumbs/1711984531Hazelburn1998Hogshead57.png"
"68";"Tobermory - 1995 Hogshead #1065 | Held In Bond";"https://www.whiskyhammer.com/item/175294/Tobermory-Ledaig/Tobermory---1995-Hogshead-1065--Held-In-Bond.html";"26/05/2024";"15000.00";"https://www.whiskyhammer.com/uploads/images/products/newthumbs/1715091085Tobermory1995HHD1065B.png"
"69";"Ardmore - 2011 Second Fill Bourbon Barrel #803387 | Held In Bond";"https://www.whiskyhammer.com/item/178829/Ardmore/Ardmore---2011-Second-Fill-Bourbon-Barrel-803387--Held-In-Bond.html";"26/05/2024";"6000.00";"https://www.whiskyhammer.com/uploads/images/products/newthumbs/1715848715Ardmore2011803387.png"
"70";"Springbank - 1997 Fresh Sherry Hogshead #332 | Held In Bond";"https://www.whiskyhammer.com/item/170064/Springbank/Springbank---1997-Fresh-Sherry-Hogshead-332--Held-In-Bond.html";"28/04/2024";"35000.00";"https://www.whiskyhammer.com/uploads/images/products/newthumbs/1713774116Springbank1997rev1.png"
"71";"Springbank - 1998 Hogshead #400 | Held In Bond";"https://www.whiskyhammer.com/item/175284/Springbank/Springbank---1998-Hogshead-400--Held-In-Bond.html";"28/04/2024";"92000.00";"https://www.whiskyhammer.com/uploads/images/products/newthumbs/1711983972Springbank1998Hogshead400.png"
"72";"Glenrothes - 2008 European Oak Oloroso Hogshead #681301 | Held In Bond";"https://www.whiskyhammer.com/item/168679/Glenrothes/Glenrothes---2008-European-Oak-Oloroso-Hogshead-681301--Held-In-Bond.html";"24/03/2024";"15500.00";"https://www.whiskyhammer.com/uploads/images/products/newthumbs/1707992713GLENROTHES2008.png"
"73";"Macduff - 2009 First Fill Chateau Palmer Barrique #180264 | Held In Bond";"https://www.whiskyhammer.com/item/168674/Macduff-Glen-Deveron/Macduff---2009-First-Fill-Chateau-Palmer-Barrique-180264--Held-In-Bond.html";"24/03/2024";"9900.00";"https://www.whiskyhammer.com/uploads/images/products/newthumbs/1706890650Macduff2009180264.png"
"74";"Glen Moray - 2007 Refill Hogshead #5756 | Held In Bond";"https://www.whiskyhammer.com/item/168677/Glen-Moray/Glen-Moray---2007-Refill-Hogshead-5756--Held-In-Bond.html";"24/03/2024";"7600.00";"https://www.whiskyhammer.com/uploads/images/products/newthumbs/1707989879GLENMORAY2007.png"
"75";"Springbank - 1993 Refill Bourbon Barrel #200 | Held In Bond";"https://www.whiskyhammer.com/item/158732/Springbank/Springbank---1993-Refill-Bourbon-Barrel-200--Held-In-Bond.html";"02/01/2024";"110000.00";"https://www.whiskyhammer.com/uploads/images/products/newthumbs/1695216223Springbank1993200.png"
"76";"BrewDog Distilling Co. - Ex-Bourbon Cask #014 (2024)";"https://www.whiskyhammer.com/item/161925/BrewDog-Distilling-Co/BrewDog-Distilling-Co---Ex-Bourbon-Cask-014-2024.html";"12/11/2023";"5200.00";"https://www.whiskyhammer.com/uploads/images/products/newthumbs/1698240219BDDC_Cask_Auction_Cards_04_14.jpg"
"77";"BrewDog Distilling Co. - Ex-Bourbon Cask #012 (2024)";"https://www.whiskyhammer.com/item/161923/BrewDog-Distilling-Co/BrewDog-Distilling-Co---Ex-Bourbon-Cask-012-2024.html";"12/11/2023";"5200.00";"https://www.whiskyhammer.com/uploads/images/products/newthumbs/1698240194BDDC_Cask_Auction_Cards_04_12.jpg"
"78";"BrewDog Distilling Co. - Ex-Oloroso Sherry Cask #009 (2024)";"https://www.whiskyhammer.com/item/161893/BrewDog-Distilling-Co/BrewDog-Distilling-Co---Ex-Oloroso-Sherry-Cask-009-2024.html";"12/11/2023";"6600.00";"https://www.whiskyhammer.com/uploads/images/products/newthumbs/1698239210BDDC_Cask_Auction_Cards_2024_09.jpg"
"79";"BrewDog Distilling Co. - Ex-Oloroso Sherry Cask #011 (2024)";"https://www.whiskyhammer.com/item/161895/BrewDog-Distilling-Co/BrewDog-Distilling-Co---Ex-Oloroso-Sherry-Cask-011-2024.html";"12/11/2023";"6500.00";"https://www.whiskyhammer.com/uploads/images/products/newthumbs/1698239252BDDC_Cask_Auction_Cards_2024_11.jpg"
"80";"BrewDog Distilling Co. - Ex-Oloroso Sherry Cask #016 (2024)";"https://www.whiskyhammer.com/item/161900/BrewDog-Distilling-Co/BrewDog-Distilling-Co---Ex-Oloroso-Sherry-Cask-016-2024.html";"12/11/2023";"6200.00";"https://www.whiskyhammer.com/uploads/images/products/newthumbs/1698239536BDDC_Cask_Auction_Cards_2024_16.jpg"
"81";"BrewDog Distilling Co. - Ex-Oloroso Sherry Cask #013 (2024)";"https://www.whiskyhammer.com/item/161897/BrewDog-Distilling-Co/BrewDog-Distilling-Co---Ex-Oloroso-Sherry-Cask-013-2024.html";"12/11/2023";"6200.00";"https://www.whiskyhammer.com/uploads/images/products/newthumbs/1698239415BDDC_Cask_Auction_Cards_2024_13.jpg"
"82";"BrewDog Distilling Co. - Ex-Bourbon Cask #011 (2024)";"https://www.whiskyhammer.com/item/161922/BrewDog-Distilling-Co/BrewDog-Distilling-Co---Ex-Bourbon-Cask-011-2024.html";"12/11/2023";"5000.00";"https://www.whiskyhammer.com/uploads/images/products/newthumbs/1698240183BDDC_Cask_Auction_Cards_04_11.jpg"
"83";"BrewDog Distilling Co. - Ex-Bourbon Cask #009 (2024)";"https://www.whiskyhammer.com/item/161920/BrewDog-Distilling-Co/BrewDog-Distilling-Co---Ex-Bourbon-Cask-009-2024.html";"12/11/2023";"5000.00";"https://www.whiskyhammer.com/uploads/images/products/newthumbs/1698240165BDDC_Cask_Auction_Cards_04_09.jpg"
"84";"BrewDog Distilling Co. - Ex-Oloroso Sherry Cask #027 (2024)";"https://www.whiskyhammer.com/item/161911/BrewDog-Distilling-Co/BrewDog-Distilling-Co---Ex-Oloroso-Sherry-Cask-027-2024.html";"12/11/2023";"6100.00";"https://www.whiskyhammer.com/uploads/images/products/newthumbs/1698239936BDDC_Cask_Auction_Cards_2024_27.jpg"
"85";"BrewDog Distilling Co. - Ex-Bourbon Cask #008 (2024)";"https://www.whiskyhammer.com/item/161919/BrewDog-Distilling-Co/BrewDog-Distilling-Co---Ex-Bourbon-Cask-008-2024.html";"12/11/2023";"5100.00";"https://www.whiskyhammer.com/uploads/images/products/newthumbs/1698240150BDDC_Cask_Auction_Cards_04_08.jpg"
"86";"BrewDog Distilling Co. - Ex-Oloroso Sherry Cask #026 (2024)";"https://www.whiskyhammer.com/item/161910/BrewDog-Distilling-Co/BrewDog-Distilling-Co---Ex-Oloroso-Sherry-Cask-026-2024.html";"12/11/2023";"6000.00";"https://www.whiskyhammer.com/uploads/images/products/newthumbs/1698239923BDDC_Cask_Auction_Cards_2024_26.jpg"
"87";"BrewDog Distilling Co. - Ex-Oloroso Sherry Cask #020 (2024)";"https://www.whiskyhammer.com/item/161904/BrewDog-Distilling-Co/BrewDog-Distilling-Co---Ex-Oloroso-Sherry-Cask-020-2024.html";"12/11/2023";"6300.00";"https://www.whiskyhammer.com/uploads/images/products/newthumbs/1698239822BDDC_Cask_Auction_Cards_2024_20.jpg"
"88";"BrewDog Distilling Co. - Ex-Oloroso Sherry Cask #010 (2024)";"https://www.whiskyhammer.com/item/161894/BrewDog-Distilling-Co/BrewDog-Distilling-Co---Ex-Oloroso-Sherry-Cask-010-2024.html";"12/11/2023";"6200.00";"https://www.whiskyhammer.com/uploads/images/products/newthumbs/1698239228BDDC_Cask_Auction_Cards_2024_10.jpg"
"89";"BrewDog Distilling Co. - Ex-Oloroso Sherry Cask #019 (2024)";"https://www.whiskyhammer.com/item/161903/BrewDog-Distilling-Co/BrewDog-Distilling-Co---Ex-Oloroso-Sherry-Cask-019-2024.html";"12/11/2023";"6300.00";"https://www.whiskyhammer.com/uploads/images/products/newthumbs/1698239783BDDC_Cask_Auction_Cards_2024_19.jpg"
"90";"BrewDog Distilling Co. - Ex-Oloroso Sherry Cask #022 (2024)";"https://www.whiskyhammer.com/item/161906/BrewDog-Distilling-Co/BrewDog-Distilling-Co---Ex-Oloroso-Sherry-Cask-022-2024.html";"12/11/2023";"6000.00";"https://www.whiskyhammer.com/uploads/images/products/newthumbs/1698239882BDDC_Cask_Auction_Cards_2024_22.jpg"
"91";"BrewDog Distilling Co. - Ex-Oloroso Sherry Cask #024 (2024)";"https://www.whiskyhammer.com/item/161908/BrewDog-Distilling-Co/BrewDog-Distilling-Co---Ex-Oloroso-Sherry-Cask-024-2024.html";"12/11/2023";"6100.00";"https://www.whiskyhammer.com/uploads/images/products/newthumbs/1698239903BDDC_Cask_Auction_Cards_2024_24.jpg"
"92";"BrewDog Distilling Co. - Ex-Oloroso Sherry Cask #023 (2024)";"https://www.whiskyhammer.com/item/161907/BrewDog-Distilling-Co/BrewDog-Distilling-Co---Ex-Oloroso-Sherry-Cask-023-2024.html";"12/11/2023";"6000.00";"https://www.whiskyhammer.com/uploads/images/products/newthumbs/1698239892BDDC_Cask_Auction_Cards_2024_23.jpg"
"93";"BrewDog Distilling Co. - Ex-Oloroso Sherry Cask #025 (2024)";"https://www.whiskyhammer.com/item/161909/BrewDog-Distilling-Co/BrewDog-Distilling-Co---Ex-Oloroso-Sherry-Cask-025-2024.html";"12/11/2023";"6100.00";"https://www.whiskyhammer.com/uploads/images/products/newthumbs/1698239913BDDC_Cask_Auction_Cards_2024_25.jpg"
"94";"BrewDog Distilling Co. - Ex-Bourbon Cask #002 (2024)";"https://www.whiskyhammer.com/item/161913/BrewDog-Distilling-Co/BrewDog-Distilling-Co---Ex-Bourbon-Cask-002-2024.html";"12/11/2023";"5600.00";"https://www.whiskyhammer.com/uploads/images/products/newthumbs/1698240021BDDC_Cask_Auction_Cards_04_02.jpg"
"95";"BrewDog Distilling Co. - Ex-Oloroso Sherry Cask #005 (2024)";"https://www.whiskyhammer.com/item/161889/BrewDog-Distilling-Co/BrewDog-Distilling-Co---Ex-Oloroso-Sherry-Cask-005-2024.html";"12/11/2023";"6100.00";"https://www.whiskyhammer.com/uploads/images/products/newthumbs/1698239124BDDC_Cask_Auction_Cards_2024_05.jpg"
"96";"BrewDog Distilling Co. - Ex-Bourbon Cask #005 (2024)";"https://www.whiskyhammer.com/item/161916/BrewDog-Distilling-Co/BrewDog-Distilling-Co---Ex-Bourbon-Cask-005-2024.html";"12/11/2023";"5000.00";"https://www.whiskyhammer.com/uploads/images/products/newthumbs/1698240106BDDC_Cask_Auction_Cards_04_05.jpg"
"97";"BrewDog Distilling Co. - Ex-Oloroso Sherry Cask #017 (2024)";"https://www.whiskyhammer.com/item/161901/BrewDog-Distilling-Co/BrewDog-Distilling-Co---Ex-Oloroso-Sherry-Cask-017-2024.html";"12/11/2023";"5900.00";"https://www.whiskyhammer.com/uploads/images/products/newthumbs/1698239551BDDC_Cask_Auction_Cards_2024_17.jpg"
"98";"BrewDog Distilling Co. - Ex-Bourbon Cask #004 (2024)";"https://www.whiskyhammer.com/item/161915/BrewDog-Distilling-Co/BrewDog-Distilling-Co---Ex-Bourbon-Cask-004-2024.html";"12/11/2023";"5200.00";"https://www.whiskyhammer.com/uploads/images/products/newthumbs/1698240097BDDC_Cask_Auction_Cards_04_04.jpg"
"99";"BrewDog Distilling Co. - Single Grain Rye Ex-Bourbon Cask #002 (2024)";"https://www.whiskyhammer.com/item/161928/BrewDog-Distilling-Co/BrewDog-Distilling-Co---Single-Grain-Rye-Ex-Bourbon-Cask-002-2024.html";"12/11/2023";"5000.00";"https://www.whiskyhammer.com/uploads/images/products/newthumbs/1698241481BDDC_Cask_Auction_Cards_2024_02.jpg"
"100";"BrewDog Distilling Co. - Ex-Oloroso Sherry Cask #001 (2024)";"https://www.whiskyhammer.com/item/161885/BrewDog-Distilling-Co/BrewDog-Distilling-Co---Ex-Oloroso-Sherry-Cask-001-2024.html";"12/11/2023";"8100.00";"https://www.whiskyhammer.com/uploads/images/products/newthumbs/1698239010BDDC_Cask_Auction_Cards_2024_01.jpg"
"101";"BrewDog Distilling Co. - Ex-Oloroso Sherry Cask #002 (2024)";"https://www.whiskyhammer.com/item/161886/BrewDog-Distilling-Co/BrewDog-Distilling-Co---Ex-Oloroso-Sherry-Cask-002-2024.html";"12/11/2023";"6400.00";"https://www.whiskyhammer.com/uploads/images/products/newthumbs/1698239060BDDC_Cask_Auction_Cards_2024_02.jpg"
"102";"BrewDog Distilling Co. - Ex-Bourbon Cask #001 (2024)";"https://www.whiskyhammer.com/item/161912/BrewDog-Distilling-Co/BrewDog-Distilling-Co---Ex-Bourbon-Cask-001-2024.html";"12/11/2023";"5600.00";"https://www.whiskyhammer.com/uploads/images/products/newthumbs/1698240006BDDC_Cask_Auction_Cards_04_01.jpg"
"103";"BrewDog Distilling Co. - Ex-Bourbon Cask #015 (2024)";"https://www.whiskyhammer.com/item/161926/BrewDog-Distilling-Co/BrewDog-Distilling-Co---Ex-Bourbon-Cask-015-2024.html";"12/11/2023";"5000.00";"https://www.whiskyhammer.com/uploads/images/products/newthumbs/1698240233BDDC_Cask_Auction_Cards_04_15.jpg"
"104";"BrewDog Distilling Co. - Ex-Bourbon Cask #006 (2024)";"https://www.whiskyhammer.com/item/161917/BrewDog-Distilling-Co/BrewDog-Distilling-Co---Ex-Bourbon-Cask-006-2024.html";"12/11/2023";"5000.00";"https://www.whiskyhammer.com/uploads/images/products/newthumbs/1698240122BDDC_Cask_Auction_Cards_04_06.jpg"
"105";"BrewDog Distilling Co. - Ex-Oloroso Sherry Cask #006 (2024)";"https://www.whiskyhammer.com/item/161890/BrewDog-Distilling-Co/BrewDog-Distilling-Co---Ex-Oloroso-Sherry-Cask-006-2024.html";"12/11/2023";"6000.00";"https://www.whiskyhammer.com/uploads/images/products/newthumbs/1698239146BDDC_Cask_Auction_Cards_2024_06.jpg"
"106";"BrewDog Distilling Co. - Ex-Oloroso Sherry Cask #014 (2024)";"https://www.whiskyhammer.com/item/161898/BrewDog-Distilling-Co/BrewDog-Distilling-Co---Ex-Oloroso-Sherry-Cask-014-2024.html";"12/11/2023";"5800.00";"https://www.whiskyhammer.com/uploads/images/products/newthumbs/1698239432BDDC_Cask_Auction_Cards_2024_14.jpg"
"107";"BrewDog Distilling Co. - Ex-Oloroso Sherry Cask #018 (2024)";"https://www.whiskyhammer.com/item/161902/BrewDog-Distilling-Co/BrewDog-Distilling-Co---Ex-Oloroso-Sherry-Cask-018-2024.html";"12/11/2023";"5900.00";"https://www.whiskyhammer.com/uploads/images/products/newthumbs/1698239771BDDC_Cask_Auction_Cards_2024_18.jpg"
"108";"BrewDog Distilling Co. - Ex-Oloroso Sherry Cask #008 (2024)";"https://www.whiskyhammer.com/item/161892/BrewDog-Distilling-Co/BrewDog-Distilling-Co---Ex-Oloroso-Sherry-Cask-008-2024.html";"12/11/2023";"5600.00";"https://www.whiskyhammer.com/uploads/images/products/newthumbs/1698239189BDDC_Cask_Auction_Cards_2024_08.jpg"
"109";"BrewDog Distilling Co. - Ex-Oloroso Sherry Cask #015 (2024)";"https://www.whiskyhammer.com/item/161899/BrewDog-Distilling-Co/BrewDog-Distilling-Co---Ex-Oloroso-Sherry-Cask-015-2024.html";"12/11/2023";"5300.00";"https://www.whiskyhammer.com/uploads/images/products/newthumbs/1698239457BDDC_Cask_Auction_Cards_2024_15.jpg"
"110";"BrewDog Distilling Co. - Ex-Oloroso Sherry Cask #003 (2024)";"https://www.whiskyhammer.com/item/161887/BrewDog-Distilling-Co/BrewDog-Distilling-Co---Ex-Oloroso-Sherry-Cask-003-2024.html";"12/11/2023";"5600.00";"https://www.whiskyhammer.com/uploads/images/products/newthumbs/1698239075BDDC_Cask_Auction_Cards_2024_03.jpg"
"111";"BrewDog Distilling Co. - Ex-Oloroso Sherry Cask #004 (2024)";"https://www.whiskyhammer.com/item/161888/BrewDog-Distilling-Co/BrewDog-Distilling-Co---Ex-Oloroso-Sherry-Cask-004-2024.html";"12/11/2023";"5500.00";"https://www.whiskyhammer.com/uploads/images/products/newthumbs/1698239092BDDC_Cask_Auction_Cards_2024_04.jpg"
"112";"BrewDog Distilling Co. - Ex-Oloroso Sherry Cask #012 (2024)";"https://www.whiskyhammer.com/item/161896/BrewDog-Distilling-Co/BrewDog-Distilling-Co---Ex-Oloroso-Sherry-Cask-012-2024.html";"12/11/2023";"5600.00";"https://www.whiskyhammer.com/uploads/images/products/newthumbs/1698239271BDDC_Cask_Auction_Cards_2024_12.jpg"
"113";"BrewDog Distilling Co. - Ex-Oloroso Sherry Cask #021 (2024)";"https://www.whiskyhammer.com/item/161905/BrewDog-Distilling-Co/BrewDog-Distilling-Co---Ex-Oloroso-Sherry-Cask-021-2024.html";"12/11/2023";"6000.00";"https://www.whiskyhammer.com/uploads/images/products/newthumbs/1698239837BDDC_Cask_Auction_Cards_2024_21.jpg"
"114";"BrewDog Distilling Co. - Ex-Bourbon Cask #003 (2024)";"https://www.whiskyhammer.com/item/161914/BrewDog-Distilling-Co/BrewDog-Distilling-Co---Ex-Bourbon-Cask-003-2024.html";"12/11/2023";"5000.00";"https://www.whiskyhammer.com/uploads/images/products/newthumbs/1698240088BDDC_Cask_Auction_Cards_04_03.jpg"
"115";"BrewDog Distilling Co. - Ex-Bourbon Cask #007 (2024)";"https://www.whiskyhammer.com/item/161918/BrewDog-Distilling-Co/BrewDog-Distilling-Co---Ex-Bourbon-Cask-007-2024.html";"12/11/2023";"5000.00";"https://www.whiskyhammer.com/uploads/images/products/newthumbs/1698240135BDDC_Cask_Auction_Cards_04_07.jpg"
"116";"BrewDog Distilling Co. - Ex-Bourbon Cask #010 (2024)";"https://www.whiskyhammer.com/item/161921/BrewDog-Distilling-Co/BrewDog-Distilling-Co---Ex-Bourbon-Cask-010-2024.html";"12/11/2023";"5000.00";"https://www.whiskyhammer.com/uploads/images/products/newthumbs/1698240173BDDC_Cask_Auction_Cards_04_10.jpg"
"117";"BrewDog Distilling Co. - Ex-Bourbon Cask #013 (2024)";"https://www.whiskyhammer.com/item/161924/BrewDog-Distilling-Co/BrewDog-Distilling-Co---Ex-Bourbon-Cask-013-2024.html";"12/11/2023";"5000.00";"https://www.whiskyhammer.com/uploads/images/products/newthumbs/1698240203BDDC_Cask_Auction_Cards_04_13.jpg"
"118";"BrewDog Distilling Co. - Single Grain Rye Ex-Bourbon Cask #001 (2024)";"https://www.whiskyhammer.com/item/161927/BrewDog-Distilling-Co/BrewDog-Distilling-Co---Single-Grain-Rye-Ex-Bourbon-Cask-001-2024.html";"12/11/2023";"5000.00";"https://www.whiskyhammer.com/uploads/images/products/newthumbs/1698241467BDDC_Cask_Auction_Cards_2024_01.jpg"
"119";"BrewDog Distilling Co. - Single Grain Rye Ex-Bourbon Cask #003 (2024)";"https://www.whiskyhammer.com/item/161929/BrewDog-Distilling-Co/BrewDog-Distilling-Co---Single-Grain-Rye-Ex-Bourbon-Cask-003-2024.html";"12/11/2023";"5000.00";"https://www.whiskyhammer.com/uploads/images/products/newthumbs/1698241493BDDC_Cask_Auction_Cards_2024_03.jpg"
"120";"BrewDog Distilling Co. - Dark Rum Ex-Oloroso Cask #001 (2024)";"https://www.whiskyhammer.com/item/161935/BrewDog-Distilling-Co/BrewDog-Distilling-Co---Dark-Rum-Ex-Oloroso-Cask-001-2024.html";"12/11/2023";"5100.00";"https://www.whiskyhammer.com/uploads/images/products/newthumbs/1698241577BDDC_Cask_Auction_Cards_2024_01.jpg"
"121";"BrewDog Distilling Co. - Dark Rum Ex-Oloroso Cask #002 (2024)";"https://www.whiskyhammer.com/item/161936/BrewDog-Distilling-Co/BrewDog-Distilling-Co---Dark-Rum-Ex-Oloroso-Cask-002-2024.html";"12/11/2023";"5100.00";"https://www.whiskyhammer.com/uploads/images/products/newthumbs/1698241587BDDC_Cask_Auction_Cards_2024_02.jpg"
"122";"BrewDog Distilling Co. - Dark Rum Ex-Oloroso Cask #003 (2024)";"https://www.whiskyhammer.com/item/161937/BrewDog-Distilling-Co/BrewDog-Distilling-Co---Dark-Rum-Ex-Oloroso-Cask-003-2024.html";"12/11/2023";"5200.00";"https://www.whiskyhammer.com/uploads/images/products/newthumbs/1698241597BDDC_Cask_Auction_Cards_2024_03.jpg"
"123";"BrewDog Distilling Co. - Dark Rum Ex-Oloroso Cask #004 (2024)";"https://www.whiskyhammer.com/item/161938/BrewDog-Distilling-Co/BrewDog-Distilling-Co---Dark-Rum-Ex-Oloroso-Cask-004-2024.html";"12/11/2023";"5200.00";"https://www.whiskyhammer.com/uploads/images/products/newthumbs/1698241610BDDC_Cask_Auction_Cards_2024_04.jpg"
"124";"BrewDog Distilling Co. - Dark Rum Ex-Oloroso Cask #005 (2024)";"https://www.whiskyhammer.com/item/161939/BrewDog-Distilling-Co/BrewDog-Distilling-Co---Dark-Rum-Ex-Oloroso-Cask-005-2024.html";"12/11/2023";"5100.00";"https://www.whiskyhammer.com/uploads/images/products/newthumbs/1698241618BDDC_Cask_Auction_Cards_2024_05.jpg"
"125";"Staoisha (Peated Bunnahabhain) - 2013 Barrel #1098 | Held In Bond";"https://www.whiskyhammer.com/item/159746/Bunnahabhain/Staoisha-Peated-Bunnahabhain---2013-Barrel-1098--Held-In-Bond.html";"29/10/2023";"9700.00";"https://www.whiskyhammer.com/uploads/images/products/newthumbs/1697642440Staoisha20131098.png"
"126";"Lochindaal (Bruichladdich) - 2009 Fresh Bourbon Barrel #12 | Held In Bond";"https://www.whiskyhammer.com/item/158747/Bruichladdich/Lochindaal-Bruichladdich---2009-Fresh-Bourbon-Barrel-12--Held-In-Bond.html";"29/10/2023";"20300.00";"https://www.whiskyhammer.com/uploads/images/products/newthumbs/1696330456LochindaalBruichladdich2009.png"
"127";"Speyside - 1992 Barrel #1408859 | Held In Bond";"https://www.whiskyhammer.com/item/159754/Speyside/Speyside---1992-Barrel-1408859--Held-In-Bond.html";"29/10/2023";"22000.00";"https://www.whiskyhammer.com/uploads/images/products/newthumbs/1697702961Speyside14088591992.png"
"128";"Orkney (Highland Park) - 2006 Hogshead #9 | Held In Bond";"https://www.whiskyhammer.com/item/159751/Highland-Park/Orkney-Highland-Park---2006-Hogshead-9--Held-In-Bond.html";"29/10/2023";"20000.00";"https://www.whiskyhammer.com/uploads/images/products/newthumbs/1697699793OrkneyHighlandPark2006.png"
"129";"Rhinns (Bruichladdich) - 2011 Fresh Bourbon Barrel #20 | Held In Bond";"https://www.whiskyhammer.com/item/158733/Bruichladdich/Rhinns-Bruichladdich---2011-Fresh-Bourbon-Barrel-20--Held-In-Bond.html";"29/10/2023";"23000.00";"https://www.whiskyhammer.com/uploads/images/products/newthumbs/1696330094RhinnsBruichladdich2011.png"
"130";"Ben Nevis - 1998 Refill Hogshead #1399 | Held In Bond";"https://www.whiskyhammer.com/item/156825/Ben-Nevis/Ben-Nevis---1998-Refill-Hogshead-1399--Held-In-Bond.html";"24/09/2023";"30000.00";"https://www.whiskyhammer.com/uploads/images/products/newthumbs/1692958708BenNevisHogshead1998.png"
"131";"Staoisha (Peated Bunnahabhain) - 2013 Barrel #1075 | Held In Bond";"https://www.whiskyhammer.com/item/154829/Bunnahabhain/Staoisha-Peated-Bunnahabhain---2013-Barrel-1075--Held-In-Bond.html";"27/08/2023";"9600.00";"https://www.whiskyhammer.com/uploads/images/products/newthumbs/1692106514Staoisha2013.png"
"132";"Croftengea - 2009 Hogshead #316 | Held In Bond";"https://www.whiskyhammer.com/item/154830/Loch-Lomond/Croftengea---2009-Hogshead-316--Held-In-Bond.html";"27/08/2023";"9250.00";"https://www.whiskyhammer.com/uploads/images/products/newthumbs/1691413369Croftengea2009.png"
"133";"Ben Nevis - 1998 Barrel #1356 | Held In Bond";"https://www.whiskyhammer.com/item/154674/Ben-Nevis/Ben-Nevis---1998-Barrel-1356--Held-In-Bond.html";"27/08/2023";"22100.00";"https://www.whiskyhammer.com/uploads/images/products/newthumbs/1691494369BenNevis1998.png"
"134";"Lochindaal (Bruichladdich) - 2010 Ex-Bourbon Barrel #4336 | Held In Bond";"https://www.whiskyhammer.com/item/145093/Bruichladdich/Lochindaal-Bruichladdich---2010-Ex-Bourbon-Barrel-4336--Held-In-Bond.html";"30/04/2023";"25250.00";"https://www.whiskyhammer.com/uploads/images/products/newthumbs/1680793419Lochindaal2010.png"
"135";"Bruichladdich - 2010 Fresh Bourbon Barrel #2032 | Held In Bond";"https://www.whiskyhammer.com/item/145092/Bruichladdich/Bruichladdich---2010-Fresh-Bourbon-Barrel-2032--Held-In-Bond.html";"30/04/2023";"21000.00";"https://www.whiskyhammer.com/uploads/images/products/newthumbs/1680792148Bruichladdich2010.png"
"136";"North British - 2010 Ex-Bourbon Barrel #212936 | Held In Bond";"https://www.whiskyhammer.com/item/141536/North-British/North-British---2010-Ex-Bourbon-Barrel-212936--Held-In-Bond.html";"26/03/2023";"1825.00";"https://www.whiskyhammer.com/uploads/images/products/newthumbs/1678365333NorthBritish2010.png"
"137";"Ben Nevis - 1996 Hogshead #877 | Held In Bond";"https://www.whiskyhammer.com/item/139122/Ben-Nevis/Ben-Nevis---1996-Hogshead-877--Held-In-Bond.html";"26/02/2023";"41500.00";"https://www.whiskyhammer.com/uploads/images/products/newthumbs/1676284266BenNevis1996.png"
"138";"BrewDog Distilling Co. - Ex-Oloroso Sherry Cask #015";"https://www.whiskyhammer.com/item/134265/BrewDog-Distilling-Co/BrewDog-Distilling-Co---Ex-Oloroso-Sherry-Cask-015.html";"11/12/2022";"9200.00";"https://www.whiskyhammer.com/uploads/images/products/newthumbs/1670255104WHImagecardsSherry15.png"
"139";"BrewDog Distilling Co. - Ex-Bourbon Cask #009";"https://www.whiskyhammer.com/item/134289/BrewDog-Distilling-Co/BrewDog-Distilling-Co---Ex-Bourbon-Cask-009.html";"11/12/2022";"6900.00";"https://www.whiskyhammer.com/uploads/images/products/newthumbs/1670258498WHImagecardsBourbon9.png"
"140";"BrewDog Distilling Co. - Ex-Oloroso Sherry Cask #001";"https://www.whiskyhammer.com/item/134251/BrewDog-Distilling-Co/BrewDog-Distilling-Co---Ex-Oloroso-Sherry-Cask-001.html";"11/12/2022";"12500.00";"https://www.whiskyhammer.com/uploads/images/products/newthumbs/1670240918WHImagecardsSherry.png"
"141";"BrewDog Distilling Co. - Ex-Bourbon Cask #008";"https://www.whiskyhammer.com/item/134288/BrewDog-Distilling-Co/BrewDog-Distilling-Co---Ex-Bourbon-Cask-008.html";"11/12/2022";"8600.00";"https://www.whiskyhammer.com/uploads/images/products/newthumbs/1670258470WHImagecardsBourbon8.png"
"142";"BrewDog Distilling Co. - Ex-Oloroso Sherry Cask #014";"https://www.whiskyhammer.com/item/134264/BrewDog-Distilling-Co/BrewDog-Distilling-Co---Ex-Oloroso-Sherry-Cask-014.html";"11/12/2022";"8300.00";"https://www.whiskyhammer.com/uploads/images/products/newthumbs/1670250083WHImagecardsSherry14.png"
"143";"BrewDog Distilling Co. - Ex-Oloroso Sherry Cask #017";"https://www.whiskyhammer.com/item/134267/BrewDog-Distilling-Co/BrewDog-Distilling-Co---Ex-Oloroso-Sherry-Cask-017.html";"11/12/2022";"8300.00";"https://www.whiskyhammer.com/uploads/images/products/newthumbs/1670255760WHImagecardsSherry17.png"
"144";"BrewDog Distilling Co. - Ex-Oloroso Sherry Cask #012";"https://www.whiskyhammer.com/item/134262/BrewDog-Distilling-Co/BrewDog-Distilling-Co---Ex-Oloroso-Sherry-Cask-012.html";"11/12/2022";"8300.00";"https://www.whiskyhammer.com/uploads/images/products/newthumbs/1670248699WHImagecardsSherry12.png"
"145";"BrewDog Distilling Co. - Ex-Oloroso Sherry Cask #013";"https://www.whiskyhammer.com/item/134263/BrewDog-Distilling-Co/BrewDog-Distilling-Co---Ex-Oloroso-Sherry-Cask-013.html";"11/12/2022";"8200.00";"https://www.whiskyhammer.com/uploads/images/products/newthumbs/1670249996WHImagecardsSherry13.png"
"146";"BrewDog Distilling Co. - Ex-Oloroso Sherry Cask #007";"https://www.whiskyhammer.com/item/134257/BrewDog-Distilling-Co/BrewDog-Distilling-Co---Ex-Oloroso-Sherry-Cask-007.html";"11/12/2022";"8600.00";"https://www.whiskyhammer.com/uploads/images/products/newthumbs/1670246959WHImagecardsSherry7.png"
"147";"BrewDog Distilling Co. - Ex-Oloroso Sherry Cask #024";"https://www.whiskyhammer.com/item/134274/BrewDog-Distilling-Co/BrewDog-Distilling-Co---Ex-Oloroso-Sherry-Cask-024.html";"11/12/2022";"8100.00";"https://www.whiskyhammer.com/uploads/images/products/newthumbs/1670255989WHImagecardsSherry24.png"
"148";"BrewDog Distilling Co. - Ex-Oloroso Sherry Cask #010";"https://www.whiskyhammer.com/item/134260/BrewDog-Distilling-Co/BrewDog-Distilling-Co---Ex-Oloroso-Sherry-Cask-010.html";"11/12/2022";"8000.00";"https://www.whiskyhammer.com/uploads/images/products/newthumbs/1670248421WHImagecardsSherry10.png"
"149";"BrewDog Distilling Co. - Ex-Bourbon Cask #015";"https://www.whiskyhammer.com/item/134295/BrewDog-Distilling-Co/BrewDog-Distilling-Co---Ex-Bourbon-Cask-015.html";"11/12/2022";"7800.00";"https://www.whiskyhammer.com/uploads/images/products/newthumbs/1670258837WHImagecardsBourbon15.png"
"150";"BrewDog Distilling Co. - Ex-Bourbon Cask #003";"https://www.whiskyhammer.com/item/134283/BrewDog-Distilling-Co/BrewDog-Distilling-Co---Ex-Bourbon-Cask-003.html";"11/12/2022";"7900.00";"https://www.whiskyhammer.com/uploads/images/products/newthumbs/1670256753WHImagecardsBourbon3.png"
"151";"BrewDog Distilling Co. - Single Grain Rye Cask #003";"https://www.whiskyhammer.com/item/134298/BrewDog-Distilling-Co/BrewDog-Distilling-Co---Single-Grain-Rye-Cask-003.html";"11/12/2022";"7700.00";"https://www.whiskyhammer.com/uploads/images/products/newthumbs/1670259122WHImagecardsRye3.png"
"152";"BrewDog Distilling Co. - Ex-Bourbon Cask #005";"https://www.whiskyhammer.com/item/134285/BrewDog-Distilling-Co/BrewDog-Distilling-Co---Ex-Bourbon-Cask-005.html";"11/12/2022";"7800.00";"https://www.whiskyhammer.com/uploads/images/products/newthumbs/1670258364WHImagecardsBourbon5.png"
"153";"BrewDog Distilling Co. - Ex-Oloroso Sherry Cask #028";"https://www.whiskyhammer.com/item/134278/BrewDog-Distilling-Co/BrewDog-Distilling-Co---Ex-Oloroso-Sherry-Cask-028.html";"11/12/2022";"7800.00";"https://www.whiskyhammer.com/uploads/images/products/newthumbs/1670256124WHImagecardsSherry28.png"
"154";"BrewDog Distilling Co. - Ex-Oloroso Sherry Cask #029";"https://www.whiskyhammer.com/item/134279/BrewDog-Distilling-Co/BrewDog-Distilling-Co---Ex-Oloroso-Sherry-Cask-029.html";"11/12/2022";"7800.00";"https://www.whiskyhammer.com/uploads/images/products/newthumbs/1670256161WHImagecardsSherry29.png"
"155";"BrewDog Distilling Co. - Ex-Bourbon Cask #006";"https://www.whiskyhammer.com/item/134286/BrewDog-Distilling-Co/BrewDog-Distilling-Co---Ex-Bourbon-Cask-006.html";"11/12/2022";"7700.00";"https://www.whiskyhammer.com/uploads/images/products/newthumbs/1670258402WHImagecardsBourbon6.png"
"156";"BrewDog Distilling Co. - Ex-Oloroso Sherry Cask #005";"https://www.whiskyhammer.com/item/134255/BrewDog-Distilling-Co/BrewDog-Distilling-Co---Ex-Oloroso-Sherry-Cask-005.html";"11/12/2022";"7600.00";"https://www.whiskyhammer.com/uploads/images/products/newthumbs/1670243163WHImagecardsSherry5.png"
"157";"BrewDog Distilling Co. - Ex-Oloroso Sherry Cask #003";"https://www.whiskyhammer.com/item/134253/BrewDog-Distilling-Co/BrewDog-Distilling-Co---Ex-Oloroso-Sherry-Cask-003.html";"11/12/2022";"8100.00";"https://www.whiskyhammer.com/uploads/images/products/newthumbs/1670242095WHImagecardsSherry3.png"
"158";"BrewDog Distilling Co. - Ex-Oloroso Sherry Cask #009";"https://www.whiskyhammer.com/item/134259/BrewDog-Distilling-Co/BrewDog-Distilling-Co---Ex-Oloroso-Sherry-Cask-009.html";"11/12/2022";"7600.00";"https://www.whiskyhammer.com/uploads/images/products/newthumbs/1670248329WHImagecardsSherry9.png"
"159";"BrewDog Distilling Co. - Ex-Oloroso Sherry Cask #022";"https://www.whiskyhammer.com/item/134272/BrewDog-Distilling-Co/BrewDog-Distilling-Co---Ex-Oloroso-Sherry-Cask-022.html";"11/12/2022";"7300.00";"https://www.whiskyhammer.com/uploads/images/products/newthumbs/1670255923WHImagecardsSherry22.png"
"160";"BrewDog Distilling Co. - Single Grain Rye Cask #002";"https://www.whiskyhammer.com/item/134297/BrewDog-Distilling-Co/BrewDog-Distilling-Co---Single-Grain-Rye-Cask-002.html";"11/12/2022";"7200.00";"https://www.whiskyhammer.com/uploads/images/products/newthumbs/1670259092WHImagecardsRye2.png"
"161";"BrewDog Distilling Co. - Single Grain Rye Cask #005";"https://www.whiskyhammer.com/item/134300/BrewDog-Distilling-Co/BrewDog-Distilling-Co---Single-Grain-Rye-Cask-005.html";"11/12/2022";"7100.00";"https://www.whiskyhammer.com/uploads/images/products/newthumbs/1670259209WHImagecardsRye5.png"
"162";"BrewDog Distilling Co. - Ex-Oloroso Sherry Cask #023";"https://www.whiskyhammer.com/item/134273/BrewDog-Distilling-Co/BrewDog-Distilling-Co---Ex-Oloroso-Sherry-Cask-023.html";"11/12/2022";"7200.00";"https://www.whiskyhammer.com/uploads/images/products/newthumbs/1670255958WHImagecardsSherry23.png"
"163";"BrewDog Distilling Co. - Ex-Oloroso Sherry Cask #006";"https://www.whiskyhammer.com/item/134256/BrewDog-Distilling-Co/BrewDog-Distilling-Co---Ex-Oloroso-Sherry-Cask-006.html";"11/12/2022";"7700.00";"https://www.whiskyhammer.com/uploads/images/products/newthumbs/1670245617WHImagecardsSherry6.png"
"164";"BrewDog Distilling Co. - Ex-Oloroso Sherry Cask #030";"https://www.whiskyhammer.com/item/134280/BrewDog-Distilling-Co/BrewDog-Distilling-Co---Ex-Oloroso-Sherry-Cask-030.html";"11/12/2022";"7200.00";"https://www.whiskyhammer.com/uploads/images/products/newthumbs/1670256193WHImagecardsSherry30.png"
"165";"BrewDog Distilling Co. - Ex-Oloroso Sherry Cask #004";"https://www.whiskyhammer.com/item/134254/BrewDog-Distilling-Co/BrewDog-Distilling-Co---Ex-Oloroso-Sherry-Cask-004.html";"11/12/2022";"7500.00";"https://www.whiskyhammer.com/uploads/images/products/newthumbs/1670242346WHImagecardsSherry4.png"
"166";"BrewDog Distilling Co. - Ex-Oloroso Sherry Cask #016";"https://www.whiskyhammer.com/item/134266/BrewDog-Distilling-Co/BrewDog-Distilling-Co---Ex-Oloroso-Sherry-Cask-016.html";"11/12/2022";"7200.00";"https://www.whiskyhammer.com/uploads/images/products/newthumbs/1670255726WHImagecardsSherry16.png"
"167";"BrewDog Distilling Co. - Ex-Oloroso Sherry Cask #011";"https://www.whiskyhammer.com/item/134261/BrewDog-Distilling-Co/BrewDog-Distilling-Co---Ex-Oloroso-Sherry-Cask-011.html";"11/12/2022";"7500.00";"https://www.whiskyhammer.com/uploads/images/products/newthumbs/1670248518WHImagecardsSherry11.png"
"168";"BrewDog Distilling Co. - Ex-Bourbon Cask #014";"https://www.whiskyhammer.com/item/134294/BrewDog-Distilling-Co/BrewDog-Distilling-Co---Ex-Bourbon-Cask-014.html";"11/12/2022";"7100.00";"https://www.whiskyhammer.com/uploads/images/products/newthumbs/1670258645WHImagecardsBourbon14.png"
"169";"BrewDog Distilling Co. - Ex-Bourbon Cask #012";"https://www.whiskyhammer.com/item/134292/BrewDog-Distilling-Co/BrewDog-Distilling-Co---Ex-Bourbon-Cask-012.html";"11/12/2022";"7100.00";"https://www.whiskyhammer.com/uploads/images/products/newthumbs/1670258594WHImagecardsBourbon12.png"
"170";"BrewDog Distilling Co. - Ex-Bourbon Cask #004";"https://www.whiskyhammer.com/item/134284/BrewDog-Distilling-Co/BrewDog-Distilling-Co---Ex-Bourbon-Cask-004.html";"11/12/2022";"7200.00";"https://www.whiskyhammer.com/uploads/images/products/newthumbs/1670258334WHImagecardsBourbon4.png"
"171";"BrewDog Distilling Co. - Single Grain Rye Cask #001";"https://www.whiskyhammer.com/item/134296/BrewDog-Distilling-Co/BrewDog-Distilling-Co---Single-Grain-Rye-Cask-001.html";"11/12/2022";"7200.00";"https://www.whiskyhammer.com/uploads/images/products/newthumbs/1670259058WHImagecardsRye.png"
"172";"BrewDog Distilling Co. - Ex-Bourbon Cask #007";"https://www.whiskyhammer.com/item/134287/BrewDog-Distilling-Co/BrewDog-Distilling-Co---Ex-Bourbon-Cask-007.html";"11/12/2022";"7400.00";"https://www.whiskyhammer.com/uploads/images/products/newthumbs/1670258434WHImagecardsBourbon7.png"
"173";"BrewDog Distilling Co. - Ex-Oloroso Sherry Cask #019";"https://www.whiskyhammer.com/item/134269/BrewDog-Distilling-Co/BrewDog-Distilling-Co---Ex-Oloroso-Sherry-Cask-019.html";"11/12/2022";"6900.00";"https://www.whiskyhammer.com/uploads/images/products/newthumbs/1670255824WHImagecardsSherry19.png"
"174";"BrewDog Distilling Co. - Ex-Oloroso Sherry Cask #020";"https://www.whiskyhammer.com/item/134270/BrewDog-Distilling-Co/BrewDog-Distilling-Co---Ex-Oloroso-Sherry-Cask-020.html";"11/12/2022";"6800.00";"https://www.whiskyhammer.com/uploads/images/products/newthumbs/1670255854WHImagecardsSherry20.png"
"175";"BrewDog Distilling Co. - Ex-Bourbon Cask #010";"https://www.whiskyhammer.com/item/134290/BrewDog-Distilling-Co/BrewDog-Distilling-Co---Ex-Bourbon-Cask-010.html";"11/12/2022";"6800.00";"https://www.whiskyhammer.com/uploads/images/products/newthumbs/1670258534WHImagecardsBourbon10.png"
"176";"BrewDog Distilling Co. - Ex-Bourbon Cask #011";"https://www.whiskyhammer.com/item/134291/BrewDog-Distilling-Co/BrewDog-Distilling-Co---Ex-Bourbon-Cask-011.html";"11/12/2022";"6800.00";"https://www.whiskyhammer.com/uploads/images/products/newthumbs/1670258567WHImagecardsBourbon11.png"
"177";"BrewDog Distilling Co. - Single Grain Rye Cask #004";"https://www.whiskyhammer.com/item/134299/BrewDog-Distilling-Co/BrewDog-Distilling-Co---Single-Grain-Rye-Cask-004.html";"11/12/2022";"6600.00";"https://www.whiskyhammer.com/uploads/images/products/newthumbs/1670259177WHImagecardsRye4.png"
"178";"BrewDog Distilling Co. - Ex-Oloroso Sherry Cask #025";"https://www.whiskyhammer.com/item/134275/BrewDog-Distilling-Co/BrewDog-Distilling-Co---Ex-Oloroso-Sherry-Cask-025.html";"11/12/2022";"6700.00";"https://www.whiskyhammer.com/uploads/images/products/newthumbs/1670256041WHImagecardsSherry25.png"
"179";"BrewDog Distilling Co. - Ex-Oloroso Sherry Cask #008";"https://www.whiskyhammer.com/item/134258/BrewDog-Distilling-Co/BrewDog-Distilling-Co---Ex-Oloroso-Sherry-Cask-008.html";"11/12/2022";"7600.00";"https://www.whiskyhammer.com/uploads/images/products/newthumbs/1670248202WHImagecardsSherry8.png"
"180";"BrewDog Distilling Co. - Ex-Oloroso Sherry Cask #018";"https://www.whiskyhammer.com/item/134268/BrewDog-Distilling-Co/BrewDog-Distilling-Co---Ex-Oloroso-Sherry-Cask-018.html";"11/12/2022";"6900.00";"https://www.whiskyhammer.com/uploads/images/products/newthumbs/1670255791WHImagecardsSherry18.png"
"181";"BrewDog Distilling Co. - Ex-Bourbon Cask #002";"https://www.whiskyhammer.com/item/134282/BrewDog-Distilling-Co/BrewDog-Distilling-Co---Ex-Bourbon-Cask-002.html";"11/12/2022";"6500.00";"https://www.whiskyhammer.com/uploads/images/products/newthumbs/1670256668WHImagecardsBourbon2.png"
"182";"BrewDog Distilling Co. - Ex-Oloroso Sherry Cask #026";"https://www.whiskyhammer.com/item/134276/BrewDog-Distilling-Co/BrewDog-Distilling-Co---Ex-Oloroso-Sherry-Cask-026.html";"11/12/2022";"6900.00";"https://www.whiskyhammer.com/uploads/images/products/newthumbs/1670256068WHImagecardsSherry26.png"
"183";"BrewDog Distilling Co. - Ex-Oloroso Sherry Cask #002";"https://www.whiskyhammer.com/item/134252/BrewDog-Distilling-Co/BrewDog-Distilling-Co---Ex-Oloroso-Sherry-Cask-002.html";"11/12/2022";"6600.00";"https://www.whiskyhammer.com/uploads/images/products/newthumbs/1670241813WHImagecardsSherry2.png"
"184";"BrewDog Distilling Co. - Ex-Oloroso Sherry Cask #021";"https://www.whiskyhammer.com/item/134271/BrewDog-Distilling-Co/BrewDog-Distilling-Co---Ex-Oloroso-Sherry-Cask-021.html";"11/12/2022";"6100.00";"https://www.whiskyhammer.com/uploads/images/products/newthumbs/1670255894WHImagecardsSherry21.png"
"185";"BrewDog Distilling Co. - Ex-Oloroso Sherry Cask #027";"https://www.whiskyhammer.com/item/134277/BrewDog-Distilling-Co/BrewDog-Distilling-Co---Ex-Oloroso-Sherry-Cask-027.html";"11/12/2022";"6100.00";"https://www.whiskyhammer.com/uploads/images/products/newthumbs/1670256095WHImagecardsSherry27.png"
"186";"BrewDog Distilling Co. - Ex-Bourbon Cask #001";"https://www.whiskyhammer.com/item/134281/BrewDog-Distilling-Co/BrewDog-Distilling-Co---Ex-Bourbon-Cask-001.html";"11/12/2022";"8100.00";"https://www.whiskyhammer.com/uploads/images/products/newthumbs/1670256551WHImagecardsBourbon.png"
"187";"BrewDog Distilling Co. - Ex-Bourbon Cask #013";"https://www.whiskyhammer.com/item/134293/BrewDog-Distilling-Co/BrewDog-Distilling-Co---Ex-Bourbon-Cask-013.html";"11/12/2022";"7200.00";"https://www.whiskyhammer.com/uploads/images/products/newthumbs/1670258620WHImagecardsBourbon13.png"
"188";"Deanston - 1992 Hogshead #1 | Held In Bond";"https://www.whiskyhammer.com/item/127928/Deanston/Deanston---1992-Hogshead-1--Held-In-Bond.html";"30/10/2022";"32750.00";"https://www.whiskyhammer.com/uploads/images/products/newthumbs/1665753478Deanston1992.png"
"189";"Tobermory - 1994 Butt #381018 | Held In Bond";"https://www.whiskyhammer.com/item/127929/Tobermory-Ledaig/Tobermory---1994-Butt-381018--Held-In-Bond.html";"30/10/2022";"57500.00";"https://www.whiskyhammer.com/uploads/images/products/newthumbs/1665754085Tobermory1994.png"
"190";"Macallan - 1990 Hogshead #1082 | Held In Bond";"https://www.whiskyhammer.com/item/117618/Macallan/Macallan---1990-Hogshead-1082--Held-In-Bond.html";"24/07/2022";"140500.00";"https://www.whiskyhammer.com/uploads/images/products/newthumbs/1657107229Macallan1990Hogshead.png"
"191";"Speyside - 1996 (Sherry Butt #0033/961890) Held In Bond";"https://www.whiskyhammer.com/item/116335/Speyside/Speyside---1996-Sherry-Butt-0033961890-Held-In-Bond.html";"26/06/2022";"38250.00";"https://www.whiskyhammer.com/uploads/images/products/newthumbs/1655304920Speyside1996.png"
"192";"Springbank - 1993 Fresh Sherry Hogshead #531 | Held In Bond";"https://www.whiskyhammer.com/item/113039/Springbank/Springbank---1993-Fresh-Sherry-Hogshead-531--Held-In-Bond.html";"29/05/2022";"141000.00";"https://www.whiskyhammer.com/uploads/images/products/newthumbs/1652862263Springbank1993.png"
"193";"Macallan - 1988 Refill Butt #4180 | Held In Bond";"https://www.whiskyhammer.com/item/108759/Macallan/Macallan---1988-Refill-Butt-4180--Held-In-Bond.html";"24/04/2022";"915500.00";"https://www.whiskyhammer.com/uploads/images/products/newthumbs/1648819213Macallan1988.png"
"194";"Port Charlotte (Bruichladdich) - 2003 Ex-Bourbon Hogshead #657 | Held In Bond";"https://www.whiskyhammer.com/item/108778/Bruichladdich/Port-Charlotte-Bruichladdich---2003-Ex-Bourbon-Hogshead-657--Held-In-Bond.html";"24/04/2022";"32750.00";"https://www.whiskyhammer.com/uploads/images/products/newthumbs/1648820402PortCharlotte2003.png"
"195";"Arran - 2005 Bourbon Barrel #05/047 | Held In Bond";"https://www.whiskyhammer.com/item/110424/Arran/Arran---2005-Bourbon-Barrel-05047--Held-In-Bond.html";"24/04/2022";"20200.00";"https://www.whiskyhammer.com/uploads/images/products/newthumbs/1649930365Arran2005.png"
"196";"Glasgow - 2018 Peated Ex-Bourbon Barrel #592 | Held In Bond";"https://www.whiskyhammer.com/item/103020/Glasgow-Distillery-Company/Glasgow---2018-Peated-Ex-Bourbon-Barrel-592--Held-In-Bond.html";"27/03/2022";"3050.00";"https://www.whiskyhammer.com/uploads/images/products/newthumbs/1645805282Glasgow2018592.png"
"197";"Glasgow - 2015 Unpeated First Fill Virgin Oak Barrel #121 | Held In Bond";"https://www.whiskyhammer.com/item/103018/Glasgow-Distillery-Company/Glasgow---2015-Unpeated-First-Fill-Virgin-Oak-Barrel-121--Held-In-Bond.html";"27/03/2022";"3500.00";"https://www.whiskyhammer.com/uploads/images/products/newthumbs/1645805769Glasgow2015121.png"
"198";"Glasgow - 2018 Peated Ex-Bourbon Barrel #591 | Held In Bond";"https://www.whiskyhammer.com/item/103019/Glasgow-Distillery-Company/Glasgow---2018-Peated-Ex-Bourbon-Barrel-591--Held-In-Bond.html";"27/03/2022";"2500.00";"https://www.whiskyhammer.com/uploads/images/products/newthumbs/1644399163Glasgow2018.png"
"199";"Glasgow - 2015 Unpeated First Fill Virgin Oak Barrel #120 | Held In Bond";"https://www.whiskyhammer.com/item/103017/Glasgow-Distillery-Company/Glasgow---2015-Unpeated-First-Fill-Virgin-Oak-Barrel-120--Held-In-Bond.html";"27/02/2022";"3650.00";"https://www.whiskyhammer.com/uploads/images/products/newthumbs/1644485340Glasgowcask.png"
"200";"North British - 2010 Ex-Bourbon Barrel #100271614 | Held In Bond";"https://www.whiskyhammer.com/item/102884/North-British/North-British---2010-Ex-Bourbon-Barrel-100271614--Held-In-Bond.html";"27/02/2022";"1125.00";"https://www.whiskyhammer.com/uploads/images/products/newthumbs/1644403574NorthBritish.png"
"201";"Dalmore - 2001 Refill Barrel #5628 | Held In Bond";"https://www.whiskyhammer.com/item/102106/Dalmore/Dalmore---2001-Refill-Barrel-5628--Held-In-Bond.html";"27/02/2022";"44250.00";"https://www.whiskyhammer.com/uploads/images/products/newthumbs/1643884365Dalmorecask.png"
"202";"Port Dundas - 2000 Refill Bourbon Hogshead #305534 | Held In Bond";"https://www.whiskyhammer.com/item/102914/Port-Dundas/Port-Dundas---2000-Refill-Bourbon-Hogshead-305534--Held-In-Bond.html";"27/02/2022";"7100.00";"https://www.whiskyhammer.com/uploads/images/products/newthumbs/1643883744Portdundascask.png"
"203";"Ben Nevis - 2004 Ex-Bourbon Barrel #536 | Held In Bond";"https://www.whiskyhammer.com/item/104115/Ben-Nevis/Ben-Nevis---2004-Ex-Bourbon-Barrel-536--Held-In-Bond.html";"27/02/2022";"12500.00";"https://www.whiskyhammer.com/uploads/images/products/newthumbs/1644399188BenNevis2004.png"
"204";"Benrinnes - 1988 Hogshead #885 | Held In Bond";"https://www.whiskyhammer.com/item/98916/Benrinnes/Benrinnes---1988-Hogshead-885--Held-In-Bond.html";"02/01/2022";"28000.00";"https://www.whiskyhammer.com/uploads/images/products/newthumbs/1639655583Benrinnescask.png"
"205";"Tullibardine - 2015 Hogshead #321 | Held In Bond";"https://www.whiskyhammer.com/item/93282/Tullibardine/Tullibardine---2015-Hogshead-321--Held-In-Bond.html";"28/11/2021";"3500.00";"https://www.whiskyhammer.com/uploads/images/products/newthumbs/1635870384Tullibardine2015.png"
"206";"Ben Nevis - 1996 Hogshead #1558 | Held In Bond";"https://www.whiskyhammer.com/item/91283/Ben-Nevis/Ben-Nevis---1996-Hogshead-1558--Held-In-Bond.html";"28/11/2021";"31500.00";"https://www.whiskyhammer.com/uploads/images/products/newthumbs/1635853346BenNevisCask1996.png"
"207";"Bruichladdich - 2010 Ex-Bourbon Cask #2006 | Held In Bond";"https://www.whiskyhammer.com/item/93283/Bruichladdich/Bruichladdich---2010-Ex-Bourbon-Cask-2006--Held-In-Bond.html";"28/11/2021";"16600.00";"https://www.whiskyhammer.com/uploads/images/products/newthumbs/1635871073BruichladdichCask2010.png"
"208";"Springbank - 1998 Fresh Sherry Hogshead #430 | Held In Bond";"https://www.whiskyhammer.com/item/90692/Springbank/Springbank---1998-Fresh-Sherry-Hogshead-430--Held-In-Bond.html";"24/10/2021";"73000.00";"https://www.whiskyhammer.com/uploads/images/products/newthumbs/1631791439Springbank1998DenisMcQuade.png"
"209";"Ben Nevis - 1996 Refill Hogshead #854 | Held In Bond";"https://www.whiskyhammer.com/item/85970/Ben-Nevis/Ben-Nevis---1996-Refill-Hogshead-854--Held-In-Bond.html";"24/10/2021";"25000.00";"https://www.whiskyhammer.com/uploads/images/products/newthumbs/1629189543BenNevis1996OliverMeade.png"
"210";"Ben Nevis - 1996 Hogshead #757 | Held In Bond";"https://www.whiskyhammer.com/item/89415/Ben-Nevis/Ben-Nevis---1996-Hogshead-757--Held-In-Bond.html";"26/09/2021";"35000.00";"https://www.whiskyhammer.com/uploads/images/products/newthumbs/1631609546BenNevisJohnAdams.png"
"211";"Tullibardine - 2016 Bourbon Barrel #287 | Held In Bond";"https://www.whiskyhammer.com/item/75499/Tullibardine/Tullibardine---2016-Bourbon-Barrel-287--Held-In-Bond.html";"26/09/2021";"3500.00";"https://www.whiskyhammer.com/uploads/images/products/newthumbs/1618218734Tullibardine2016.png"
"212";"Tullibardine - 2018 1st Fill Red Wine Octave #8000456D | Held In Bond";"https://www.whiskyhammer.com/item/71968/Tullibardine/Tullibardine---2018-1st-Fill-Red-Wine-Octave-8000456D--Held-In-Bond.html";"29/08/2021";"960.00";"https://www.whiskyhammer.com/uploads/images/products/newthumbs/1629191848Tullibardine8000456DLudovic.png"
"213";"Tullibardine - 2018 1st Fill Red Wine Octave #8000456 | Held In Bond";"https://www.whiskyhammer.com/item/71964/Tullibardine/Tullibardine---2018-1st-Fill-Red-Wine-Octave-8000456--Held-In-Bond.html";"29/08/2021";"980.00";"https://www.whiskyhammer.com/uploads/images/products/newthumbs/1615457666Tullibardine2018.png"
"214";"Tullibardine - 2018 1st Fill Bourbon Octave #8000456F | Held In Bond";"https://www.whiskyhammer.com/item/71965/Tullibardine/Tullibardine---2018-1st-Fill-Bourbon-Octave-8000456F--Held-In-Bond.html";"29/08/2021";"940.00";"https://www.whiskyhammer.com/uploads/images/products/newthumbs/1615457062Tullibardine2018F.png"
"215";"Tullibardine - 2018 1st Fill Red Wine Octave #8000456C | Held In Bond";"https://www.whiskyhammer.com/item/71966/Tullibardine/Tullibardine---2018-1st-Fill-Red-Wine-Octave-8000456C--Held-In-Bond.html";"29/08/2021";"1000.00";"https://www.whiskyhammer.com/uploads/images/products/newthumbs/1616499937Tullibradine8000456C.jpg"
"216";"Tullibardine - 2018 1st Fill Oloroso Octave #8000456G | Held In Bond";"https://www.whiskyhammer.com/item/71967/Tullibardine/Tullibardine---2018-1st-Fill-Oloroso-Octave-8000456G--Held-In-Bond.html";"29/08/2021";"920.00";"https://www.whiskyhammer.com/uploads/images/products/newthumbs/1616500654Tullibradine8000456G.jpg"
"217";"Tullibardine - 2018 1st Fill Bourbon Octave #8000456E | Held In Bond";"https://www.whiskyhammer.com/item/71969/Tullibardine/Tullibardine---2018-1st-Fill-Bourbon-Octave-8000456E--Held-In-Bond.html";"29/08/2021";"900.00";"https://www.whiskyhammer.com/uploads/images/products/newthumbs/1629196723Tullibardine8000456ELudovic.png"
"218";"Benriach - 2015 Sherry Butt #123 | Held in Bond";"https://www.whiskyhammer.com/item/88409/BenRiach/Benriach---2015-Sherry-Butt-123--Held-in-Bond.html";"29/08/2021";"7300.00";"https://www.whiskyhammer.com/uploads/images/products/newthumbs/1629194327Benriach2015MichaelMuir.png"
"219";"Caol Ila - 1990 (Hogshead #0013132) Held In Bond";"https://www.whiskyhammer.com/item/79410/Caol-Ila/Caol-Ila---1990-Hogshead-0013132-Held-In-Bond.html";"25/07/2021";"50500.00";"https://www.whiskyhammer.com/uploads/images/products/newthumbs/1621499122CaolIlaDunderdale.png"
"220";"North British - 2010 Ex-Bourbon Barrel #100271638 | Held In Bond";"https://www.whiskyhammer.com/item/81823/North-British/North-British---2010-Ex-Bourbon-Barrel-100271638--Held-In-Bond.html";"30/05/2021";"1800.00";"https://www.whiskyhammer.com/uploads/images/products/newthumbs/16213355711615889545NorthBritish2010.png"
"221";"Bruichladdich - 2005 Ex-Bourbon Cask #1456 | Held In Bond";"https://www.whiskyhammer.com/item/78566/Bruichladdich/Bruichladdich---2005-Ex-Bourbon-Cask-1456--Held-In-Bond.html";"30/05/2021";"15200.00";"https://www.whiskyhammer.com/uploads/images/products/newthumbs/1621499876Bruuichladdich2005Hoonhorst.png"
"222";"Glenrothes - 1991 Refill Bourbon Hogshead #5117 | Held In Bond";"https://www.whiskyhammer.com/item/81098/Glenrothes/Glenrothes---1991-Refill-Bourbon-Hogshead-5117--Held-In-Bond.html";"30/05/2021";"15000.00";"https://www.whiskyhammer.com/uploads/images/products/newthumbs/1621499647GlenrothesBrown.png"
"223";"Tobermory - 1994 Hogshead #381012 | Held In Bond";"https://www.whiskyhammer.com/item/71026/Tobermory-Ledaig/Tobermory---1994-Hogshead-381012--Held-In-Bond.html";"28/03/2021";"12100.00";"https://www.whiskyhammer.com/uploads/images/products/newthumbs/1615371420Tobermory1994.png"
"224";"Arran - 2009 Bourbon Barrel #09/090 | Held In Bond";"https://www.whiskyhammer.com/item/72638/Arran/Arran---2009-Bourbon-Barrel-09090--Held-In-Bond.html";"28/03/2021";"7100.00";"https://www.whiskyhammer.com/uploads/images/products/newthumbs/1615370961Arran.png"
"225";"Macallan - 1990 Hogshead #1113 | Held In Bond";"https://www.whiskyhammer.com/item/72656/Macallan/Macallan---1990-Hogshead-1113--Held-In-Bond.html";"28/03/2021";"125500.00";"https://www.whiskyhammer.com/uploads/images/products/newthumbs/1614615305Macallan1990.png"
"226";"Tullibardine - 2015 1st Fill Oloroso Octave #650935A | Held In Bond";"https://www.whiskyhammer.com/item/70064/Tullibardine/Tullibardine---2015-1st-Fill-Oloroso-Octave-650935A--Held-In-Bond.html";"21/02/2021";"1425.00";"https://www.whiskyhammer.com/uploads/images/products/newthumbs/1613042373Tull2015A.png"
"227";"Glen Ord - 2013 1st Fill Oloroso Quarter Cask #246A | Held In Bond";"https://www.whiskyhammer.com/item/70066/Glen-Ord/Glen-Ord---2013-1st-Fill-Oloroso-Quarter-Cask-246A--Held-In-Bond.html";"21/02/2021";"3550.00";"https://www.whiskyhammer.com/uploads/images/products/newthumbs/1613042405GLENORD.png"
"228";"Tullibardine - 2015 1st Fill Oloroso Quarter Cask #650935 | Held In Bond";"https://www.whiskyhammer.com/item/70065/Tullibardine/Tullibardine---2015-1st-Fill-Oloroso-Quarter-Cask-650935--Held-In-Bond.html";"21/02/2021";"2700.00";"https://www.whiskyhammer.com/uploads/images/products/newthumbs/1613042431Tull2015.png"
"229";"Glen Garioch - 2011 1st Fill Oloroso Octave #2751A | Held In Bond";"https://www.whiskyhammer.com/item/70067/Glen-Garioch/Glen-Garioch---2011-1st-Fill-Oloroso-Octave-2751A--Held-In-Bond.html";"21/02/2021";"2125.00";"https://www.whiskyhammer.com/uploads/images/products/newthumbs/1613730398CASKLOTIMAGENEW.png"
"230";"Bruichladdich - 2006 Oloroso Sherry Hogshead #1415 | Held In Bond";"https://www.whiskyhammer.com/item/68107/Bruichladdich/Bruichladdich---2006-Oloroso-Sherry-Hogshead-1415--Held-In-Bond.html";"24/01/2021";"26000.00";"https://www.whiskyhammer.com/uploads/images/products/newthumbs/1610551218BruichladdichCask.png"
"231";"Ledaig - 2009 Hogshead #700501 | Held In Bond";"https://www.whiskyhammer.com/item/66763/Ledaig-Tobermory/Ledaig---2009-Hogshead-700501--Held-In-Bond.html";"24/01/2021";"13000.00";"https://www.whiskyhammer.com/uploads/images/products/newthumbs/1608222388Ledaig2009.png"
"232";"Tullibardine - 2018 1st Fill Red Wine Octave #8000456B | Held In Bond";"https://www.whiskyhammer.com/item/65780/Tullibardine/Tullibardine---2018-1st-Fill-Red-Wine-Octave-8000456B--Held-In-Bond.html";"03/01/2021";"1300.00";"https://www.whiskyhammer.com/uploads/images/products/newthumbs/1608220070Tull800456B.png"
"233";"Aultmore - 2011 1st Fill Oloroso Octave #800613 | Held In Bond";"https://www.whiskyhammer.com/item/66055/Aultmore/Aultmore---2011-1st-Fill-Oloroso-Octave-800613--Held-In-Bond.html";"03/01/2021";"2225.00";"https://www.whiskyhammer.com/uploads/images/products/newthumbs/1608221763Aultmore2011.png"
"234";"Tullibardine - 2018 1st Fill PX Sherry Octave #8000456A | Held In Bond";"https://www.whiskyhammer.com/item/65781/Tullibardine/Tullibardine---2018-1st-Fill-PX-Sherry-Octave-8000456A--Held-In-Bond.html";"03/01/2021";"1275.00";"https://www.whiskyhammer.com/uploads/images/products/newthumbs/1608220055Tull800456A.png"
"235";"Port Dundas - 2009 Hogshead #728317 | Held In Bond";"https://www.whiskyhammer.com/item/66052/Port-Dundas/Port-Dundas---2009-Hogshead-728317--Held-In-Bond.html";"03/01/2021";"3500.00";"https://www.whiskyhammer.com/uploads/images/products/newthumbs/1608303193PortDundas.JPG"
"236";"Tullibardine - 2016 1st Fill Oloroso Octave #265 | Held In Bond";"https://www.whiskyhammer.com/item/66053/Tullibardine/Tullibardine---2016-1st-Fill-Oloroso-Octave-265--Held-In-Bond.html";"03/01/2021";"1300.00";"https://www.whiskyhammer.com/uploads/images/products/newthumbs/1608221028Tull2016.png"
"237";"Tullibardine - 2016 1st Fill Oloroso Octave #265A | Held In Bond";"https://www.whiskyhammer.com/item/66054/Tullibardine/Tullibardine---2016-1st-Fill-Oloroso-Octave-265A--Held-In-Bond.html";"03/01/2021";"1200.00";"https://www.whiskyhammer.com/uploads/images/products/newthumbs/1608222482Tull2016265A.png"
"238";"Holyrood Distillery - Chevallier (Heritage Barley 2021) Hogshead #12 | Held In Bond";"https://www.whiskyhammer.com/item/65654/Holyrood-Distillery/Holyrood-Distillery---Chevallier-Heritage-Barley-2021-Hogshead-12--Held-In-Bond.html";"13/12/2020";"4200.00";"https://www.whiskyhammer.com/uploads/images/products/newthumbs/1606997708Chevallier1.png"
"239";"Holyrood Distillery - Plumage Archer (Heritage Barley 2021) Hogshead #04 | Held In Bond";"https://www.whiskyhammer.com/item/65661/Holyrood-Distillery/Holyrood-Distillery---Plumage-Archer-Heritage-Barley-2021-Hogshead-04--Held-In-Bond.html";"13/12/2020";"4150.00";"https://www.whiskyhammer.com/uploads/images/products/newthumbs/1606998304Chevallier1.png"
"240";"Holyrood Distillery - Plumage Archer (Heritage Barley 2021) Hogshead #02 | Held In Bond";"https://www.whiskyhammer.com/item/65659/Holyrood-Distillery/Holyrood-Distillery---Plumage-Archer-Heritage-Barley-2021-Hogshead-02--Held-In-Bond.html";"13/12/2020";"4150.00";"https://www.whiskyhammer.com/uploads/images/products/newthumbs/1606998185Chevallier1.png"
"241";"Holyrood Distillery - Chevallier (Heritage Barley 2021) Hogshead #03 | Held In Bond";"https://www.whiskyhammer.com/item/65645/Holyrood-Distillery/Holyrood-Distillery---Chevallier-Heritage-Barley-2021-Hogshead-03--Held-In-Bond.html";"13/12/2020";"3900.00";"https://www.whiskyhammer.com/uploads/images/products/newthumbs/1606996982Chevallier1.png"
"242";"Holyrood Distillery - Chevallier (Heritage Barley 2021) Hogshead #13 | Held In Bond";"https://www.whiskyhammer.com/item/65655/Holyrood-Distillery/Holyrood-Distillery---Chevallier-Heritage-Barley-2021-Hogshead-13--Held-In-Bond.html";"13/12/2020";"4200.00";"https://www.whiskyhammer.com/uploads/images/products/newthumbs/1606997739Chevallier1.png"
"243";"Holyrood Distillery - Plumage Archer (Heritage Barley 2021) Hogshead #08 | Held In Bond";"https://www.whiskyhammer.com/item/65665/Holyrood-Distillery/Holyrood-Distillery---Plumage-Archer-Heritage-Barley-2021-Hogshead-08--Held-In-Bond.html";"13/12/2020";"3900.00";"https://www.whiskyhammer.com/uploads/images/products/newthumbs/1606999192Chevallier1.png"
"244";"Holyrood Distillery - Plumage Archer (Heritage Barley 2021) Hogshead #13 | Held In Bond";"https://www.whiskyhammer.com/item/65670/Holyrood-Distillery/Holyrood-Distillery---Plumage-Archer-Heritage-Barley-2021-Hogshead-13--Held-In-Bond.html";"13/12/2020";"4300.00";"https://www.whiskyhammer.com/uploads/images/products/newthumbs/1606999393Chevallier1.png"
"245";"Holyrood Distillery - Plumage Archer (Heritage Barley 2021) Hogshead #11 | Held In Bond";"https://www.whiskyhammer.com/item/65668/Holyrood-Distillery/Holyrood-Distillery---Plumage-Archer-Heritage-Barley-2021-Hogshead-11--Held-In-Bond.html";"13/12/2020";"3900.00";"https://www.whiskyhammer.com/uploads/images/products/newthumbs/1606999326Chevallier1.png"
"246";"Holyrood Distillery - Chevallier (Heritage Barley 2021) Hogshead #02 | Held In Bond";"https://www.whiskyhammer.com/item/65644/Holyrood-Distillery/Holyrood-Distillery---Chevallier-Heritage-Barley-2021-Hogshead-02--Held-In-Bond.html";"13/12/2020";"3750.00";"https://www.whiskyhammer.com/uploads/images/products/newthumbs/1606996312Chevallier1.png"
"247";"Holyrood Distillery - Plumage Archer (Heritage Barley 2021) Hogshead #03 | Held In Bond";"https://www.whiskyhammer.com/item/65660/Holyrood-Distillery/Holyrood-Distillery---Plumage-Archer-Heritage-Barley-2021-Hogshead-03--Held-In-Bond.html";"13/12/2020";"4000.00";"https://www.whiskyhammer.com/uploads/images/products/newthumbs/1606998271Chevallier1.png"
"248";"Holyrood Distillery - Chevallier (Heritage Barley 2021) Hogshead #10 | Held In Bond";"https://www.whiskyhammer.com/item/65652/Holyrood-Distillery/Holyrood-Distillery---Chevallier-Heritage-Barley-2021-Hogshead-10--Held-In-Bond.html";"13/12/2020";"3700.00";"https://www.whiskyhammer.com/uploads/images/products/newthumbs/1606997631Chevallier1.png"
"249";"Holyrood Distillery - Chevallier (Heritage Barley 2021) Hogshead #04 | Held In Bond";"https://www.whiskyhammer.com/item/65646/Holyrood-Distillery/Holyrood-Distillery---Chevallier-Heritage-Barley-2021-Hogshead-04--Held-In-Bond.html";"13/12/2020";"3700.00";"https://www.whiskyhammer.com/uploads/images/products/newthumbs/1606997032Chevallier1.png"
"250";"Holyrood Distillery - Plumage Archer (Heritage Barley 2021) Hogshead #10 | Held In Bond";"https://www.whiskyhammer.com/item/65667/Holyrood-Distillery/Holyrood-Distillery---Plumage-Archer-Heritage-Barley-2021-Hogshead-10--Held-In-Bond.html";"13/12/2020";"3900.00";"https://www.whiskyhammer.com/uploads/images/products/newthumbs/1606999287Chevallier1.png"
"251";"Holyrood Distillery - Chevallier (Heritage Barley 2021) Hogshead #09 | Held In Bond";"https://www.whiskyhammer.com/item/65651/Holyrood-Distillery/Holyrood-Distillery---Chevallier-Heritage-Barley-2021-Hogshead-09--Held-In-Bond.html";"13/12/2020";"3500.00";"https://www.whiskyhammer.com/uploads/images/products/newthumbs/1606997590Chevallier1.png"
"252";"Holyrood Distillery - Chevallier (Heritage Barley 2021) Hogshead #05 | Held In Bond";"https://www.whiskyhammer.com/item/65647/Holyrood-Distillery/Holyrood-Distillery---Chevallier-Heritage-Barley-2021-Hogshead-05--Held-In-Bond.html";"13/12/2020";"3500.00";"https://www.whiskyhammer.com/uploads/images/products/newthumbs/1606997211Chevallier1.png"
"253";"Holyrood Distillery - Chevallier (Heritage Barley 2021) Hogshead #14 | Held In Bond";"https://www.whiskyhammer.com/item/65656/Holyrood-Distillery/Holyrood-Distillery---Chevallier-Heritage-Barley-2021-Hogshead-14--Held-In-Bond.html";"13/12/2020";"3600.00";"https://www.whiskyhammer.com/uploads/images/products/newthumbs/1606997771Chevallier1.png"
"254";"Holyrood Distillery - Chevallier (Heritage Barley 2021) Hogshead #08 | Held In Bond";"https://www.whiskyhammer.com/item/65650/Holyrood-Distillery/Holyrood-Distillery---Chevallier-Heritage-Barley-2021-Hogshead-08--Held-In-Bond.html";"13/12/2020";"3550.00";"https://www.whiskyhammer.com/uploads/images/products/newthumbs/1606997452Chevallier1.png"
"255";"Holyrood Distillery - Plumage Archer (Heritage Barley 2021) Hogshead #01 | Held In Bond";"https://www.whiskyhammer.com/item/65658/Holyrood-Distillery/Holyrood-Distillery---Plumage-Archer-Heritage-Barley-2021-Hogshead-01--Held-In-Bond.html";"13/12/2020";"4600.00";"https://www.whiskyhammer.com/uploads/images/products/newthumbs/1606998076Chevallier1.png"
"256";"Holyrood Distillery - Chevallier (Heritage Barley 2021) Hogshead #01 | Held In Bond";"https://www.whiskyhammer.com/item/65643/Holyrood-Distillery/Holyrood-Distillery---Chevallier-Heritage-Barley-2021-Hogshead-01--Held-In-Bond.html";"13/12/2020";"3350.00";"https://www.whiskyhammer.com/uploads/images/products/newthumbs/1606996152Chevallier1.png"
"257";"Holyrood Distillery - Chevallier (Heritage Barley 2021) Hogshead #06 | Held In Bond";"https://www.whiskyhammer.com/item/65648/Holyrood-Distillery/Holyrood-Distillery---Chevallier-Heritage-Barley-2021-Hogshead-06--Held-In-Bond.html";"13/12/2020";"3250.00";"https://www.whiskyhammer.com/uploads/images/products/newthumbs/1606997251Chevallier1.png"
"258";"Holyrood Distillery - Chevallier (Heritage Barley 2021) Hogshead #07 | Held In Bond";"https://www.whiskyhammer.com/item/65649/Holyrood-Distillery/Holyrood-Distillery---Chevallier-Heritage-Barley-2021-Hogshead-07--Held-In-Bond.html";"13/12/2020";"3250.00";"https://www.whiskyhammer.com/uploads/images/products/newthumbs/1606997297Chevallier1.png"
"259";"Holyrood Distillery - Chevallier (Heritage Barley 2021) Hogshead #11 | Held In Bond";"https://www.whiskyhammer.com/item/65653/Holyrood-Distillery/Holyrood-Distillery---Chevallier-Heritage-Barley-2021-Hogshead-11--Held-In-Bond.html";"13/12/2020";"3300.00";"https://www.whiskyhammer.com/uploads/images/products/newthumbs/1606997670Chevallier1.png"
"260";"Holyrood Distillery - Chevallier (Heritage Barley 2021) Hogshead #15 | Held In Bond";"https://www.whiskyhammer.com/item/65657/Holyrood-Distillery/Holyrood-Distillery---Chevallier-Heritage-Barley-2021-Hogshead-15--Held-In-Bond.html";"13/12/2020";"3150.00";"https://www.whiskyhammer.com/uploads/images/products/newthumbs/1606997811Chevallier1.png"
"261";"Holyrood Distillery - Plumage Archer (Heritage Barley 2021) Hogshead #05 | Held In Bond";"https://www.whiskyhammer.com/item/65662/Holyrood-Distillery/Holyrood-Distillery---Plumage-Archer-Heritage-Barley-2021-Hogshead-05--Held-In-Bond.html";"13/12/2020";"3350.00";"https://www.whiskyhammer.com/uploads/images/products/newthumbs/1606998414Chevallier1.png"
"262";"Holyrood Distillery - Plumage Archer (Heritage Barley 2021) Hogshead #06 | Held In Bond";"https://www.whiskyhammer.com/item/65663/Holyrood-Distillery/Holyrood-Distillery---Plumage-Archer-Heritage-Barley-2021-Hogshead-06--Held-In-Bond.html";"13/12/2020";"3350.00";"https://www.whiskyhammer.com/uploads/images/products/newthumbs/1606998449Chevallier1.png"
"263";"Holyrood Distillery - Plumage Archer (Heritage Barley 2021) Hogshead #07 | Held In Bond";"https://www.whiskyhammer.com/item/65664/Holyrood-Distillery/Holyrood-Distillery---Plumage-Archer-Heritage-Barley-2021-Hogshead-07--Held-In-Bond.html";"13/12/2020";"3300.00";"https://www.whiskyhammer.com/uploads/images/products/newthumbs/1606999154Chevallier1.png"
"264";"Holyrood Distillery - Plumage Archer (Heritage Barley 2021) Hogshead #09 | Held In Bond";"https://www.whiskyhammer.com/item/65666/Holyrood-Distillery/Holyrood-Distillery---Plumage-Archer-Heritage-Barley-2021-Hogshead-09--Held-In-Bond.html";"13/12/2020";"3500.00";"https://www.whiskyhammer.com/uploads/images/products/newthumbs/1606999232Chevallier1.png"
"265";"Holyrood Distillery - Plumage Archer (Heritage Barley 2021) Hogshead #12 | Held In Bond";"https://www.whiskyhammer.com/item/65669/Holyrood-Distillery/Holyrood-Distillery---Plumage-Archer-Heritage-Barley-2021-Hogshead-12--Held-In-Bond.html";"13/12/2020";"3300.00";"https://www.whiskyhammer.com/uploads/images/products/newthumbs/1606999361Chevallier1.png"
"266";"Holyrood Distillery - Plumage Archer (Heritage Barley 2021) Hogshead #14 | Held In Bond";"https://www.whiskyhammer.com/item/65671/Holyrood-Distillery/Holyrood-Distillery---Plumage-Archer-Heritage-Barley-2021-Hogshead-14--Held-In-Bond.html";"13/12/2020";"3250.00";"https://www.whiskyhammer.com/uploads/images/products/newthumbs/1606999620Chevallier1.png"
"267";"Holyrood Distillery - Plumage Archer (Heritage Barley 2021) Hogshead #15 | Held In Bond";"https://www.whiskyhammer.com/item/65672/Holyrood-Distillery/Holyrood-Distillery---Plumage-Archer-Heritage-Barley-2021-Hogshead-15--Held-In-Bond.html";"13/12/2020";"3500.00";"https://www.whiskyhammer.com/uploads/images/products/newthumbs/1606999879Chevallier1.png"
"268";"North British - 2006 Ex-Bourbon Barrel #00818355 | Held In Bond";"https://www.whiskyhammer.com/item/58760/North-British/North-British---2006-Ex-Bourbon-Barrel-00818355--Held-In-Bond.html";"22/11/2020";"2000.00";"https://www.whiskyhammer.com/uploads/images/products/newthumbs/1602768445northbritish2006.png"
"269";"North British - 2006 Ex-Bourbon Barrel #00818395 | Held In Bond";"https://www.whiskyhammer.com/item/58761/North-British/North-British---2006-Ex-Bourbon-Barrel-00818395--Held-In-Bond.html";"22/11/2020";"2000.00";"https://www.whiskyhammer.com/uploads/images/products/newthumbs/1602768589northbritish20062.png"
"270";"Bowmore - 1987 Hogshead #1581 | Held In Bond";"https://www.whiskyhammer.com/item/55745/Bowmore/Bowmore---1987-Hogshead-1581--Held-In-Bond.html";"25/10/2020";"64700.00";"https://www.whiskyhammer.com/uploads/images/products/newthumbs/1602765180Bowmore1987.png"
"271";"Port Dundas - 2009 Hogshead #728315 | Held In Bond";"https://www.whiskyhammer.com/item/58397/Port-Dundas/Port-Dundas---2009-Hogshead-728315--Held-In-Bond.html";"25/10/2020";"4050.00";"https://www.whiskyhammer.com/uploads/images/products/newthumbs/1602848662PortDundas2009.png"
"272";"Tullibardine - 2018 1st Fill Oloroso Octave #8000036 | Held In Bond";"https://www.whiskyhammer.com/item/58398/Tullibardine/Tullibardine---2018-1st-Fill-Oloroso-Octave-8000036--Held-In-Bond.html";"25/10/2020";"1550.00";"https://www.whiskyhammer.com/uploads/images/products/newthumbs/1602848848TULLIBARDINE2018.png"
"273";"Miltonduff - 2009 Butt #900007 | Held In Bond";"https://www.whiskyhammer.com/item/55663/Miltonduff--Mosstowie/Miltonduff---2009-Butt-900007--Held-In-Bond.html";"27/09/2020";"14000.00";"https://www.whiskyhammer.com/uploads/images/products/newthumbs/1600453373miltonduff.png"
"274";"Glenfarclas - 2011 Hogshead #900120 | Held In Bond";"https://www.whiskyhammer.com/item/43169/Glenfarclas/Glenfarclas---2011-Hogshead-900120--Held-In-Bond.html";"23/08/2020";"14100.00";"https://www.whiskyhammer.com/uploads/images/products/newthumbs/1591862702GLENFARCLAS.jpg"
"275";"Macallan - 1990 American Oak Hogshead #018224 | Held In Bond";"https://www.whiskyhammer.com/item/49307/Macallan/Macallan---1990-American-Oak-Hogshead-018224--Held-In-Bond.html";"26/07/2020";"217500.00";"https://www.whiskyhammer.com/uploads/images/products/newthumbs/1594378499macallan1990.png"
"276";"Royal Brackla - 2014 1st Fill Oloroso Hogshead #4A | Held In Bond";"https://www.whiskyhammer.com/item/49308/Royal-Brackla/Royal-Brackla---2014-1st-Fill-Oloroso-Hogshead-4A--Held-In-Bond.html";"26/07/2020";"5100.00";"https://www.whiskyhammer.com/uploads/images/products/newthumbs/1594717793royalbrackla.png"
"277";"North British - 2010 Ex-Bourbon Barrel #100271623 | Held In Bond";"https://www.whiskyhammer.com/item/49309/North-British/North-British---2010-Ex-Bourbon-Barrel-100271623--Held-In-Bond.html";"26/07/2020";"1525.00";"https://www.whiskyhammer.com/uploads/images/products/newthumbs/1594646914northbritish.png"
"278";"""Cawdor Springs"" - 2016 Sherry Butt #372 | Held In Bond";"https://www.whiskyhammer.com/item/49310/Other/Cawdor-Springs---2016-Sherry-Butt-372--Held-In-Bond.html";"26/07/2020";"2900.00";"https://www.whiskyhammer.com/uploads/images/products/newthumbs/1594647592cawdorsprings.png"
"279";"Tullibardine - 2016 Bourbon Barrel #650393 | Held In Bond";"https://www.whiskyhammer.com/item/49311/Tullibardine/Tullibardine---2016-Bourbon-Barrel-650393--Held-In-Bond.html";"26/07/2020";"1300.00";"https://www.whiskyhammer.com/uploads/images/products/newthumbs/1594651883tullibardine.png"
"280";"North British - 2010 Ex-Bourbon Barrel #100212936 | Held In Bond";"https://www.whiskyhammer.com/item/45712/North-British/North-British---2010-Ex-Bourbon-Barrel-100212936--Held-In-Bond.html";"24/05/2020";"1325.00";"https://www.whiskyhammer.com/uploads/images/products/newthumbs/1591824546NORTHBRITISH2010.png"
"281";"Girvan - 2006 Ex-Bourbon Barrel #700093 | Held In Bond";"https://www.whiskyhammer.com/item/45710/Girvan/Girvan---2006-Ex-Bourbon-Barrel-700093--Held-In-Bond.html";"24/05/2020";"1725.00";"https://www.whiskyhammer.com/uploads/images/products/newthumbs/1591824223Girvan2006.png"
"282";"""Cawdor Springs"" - 2016 Ex-Bourbon Barrel #316 | Held In Bond";"https://www.whiskyhammer.com/item/45713/Other/Cawdor-Springs---2016-Ex-Bourbon-Barrel-316--Held-In-Bond.html";"24/05/2020";"1725.00";"https://www.whiskyhammer.com/uploads/images/products/newthumbs/1591824423cawdorsprings.png"
"283";"Craigellachie - 2008 1st Fill Oloroso Sherry Hogshead #180298 | Held In Bond";"https://www.whiskyhammer.com/item/43164/Craigellachie/Craigellachie---2008-1st-Fill-Oloroso-Sherry-Hogshead-180298--Held-In-Bond.html";"26/04/2020";"9200.00";"https://www.whiskyhammer.com/uploads/images/products/newthumbs/1591823888Craigellachie2008.png"
"284";"Macduff - 2009 1st Fill Chateau Palmer Barrique #180264 | Held In Bond";"https://www.whiskyhammer.com/item/43165/Macduff-Glen-Deveron/Macduff---2009-1st-Fill-Chateau-Palmer-Barrique-180264--Held-In-Bond.html";"26/04/2020";"6000.00";"https://www.whiskyhammer.com/uploads/images/products/newthumbs/1591824037Macduff2009.png"
"285";"Fettercairn - 1989 Hogshead #1366 | Held In Bond";"https://www.whiskyhammer.com/item/26963/Fettercairn/Fettercairn---1989-Hogshead-1366--Held-In-Bond.html";"22/03/2020";"24000.00";"https://www.whiskyhammer.com/uploads/images/products/newthumbs/1591825686Fettercairn1989.jpg"
"286";"Tullibardine - 2007 Sherry Butt #191 | Held In Bond";"https://www.whiskyhammer.com/item/33126/Tullibardine/Tullibardine---2007-Sherry-Butt-191--Held-In-Bond.html";"24/11/2019";"10600.00";"https://www.whiskyhammer.com/uploads/images/products/newthumbs/1591824985Tullibardine2007.jpg"
"287";"Macallan - 1989 Hogshead #2807 | Held In Bond";"https://www.whiskyhammer.com/item/35376/Macallan/Macallan---1989-Hogshead-2807--Held-In-Bond.html";"27/10/2019";"160500.00";"https://www.whiskyhammer.com/uploads/images/products/newthumbs/1591825255macallan19892807.png"
"288";"Fettercairn - 1989 Hogshead #1370 | Held In Bond";"https://www.whiskyhammer.com/item/26962/Fettercairn/Fettercairn---1989-Hogshead-1370--Held-In-Bond.html";"26/05/2019";"24100.00";"https://www.whiskyhammer.com/uploads/images/products/newthumbs/1591825552Fettercairn1989.jpg"
"289";"Macallan - 1989 Hogshead #3493 | Held In Bond";"https://www.whiskyhammer.com/item/22510/Macallan/Macallan---1989-Hogshead-3493--Held-In-Bond.html";"24/02/2019";"161500.00";"https://www.whiskyhammer.com/uploads/images/products/newthumbs/1591823583Macallan19893493.jpg"
